title,employer,department,salary,location,post_date,close_date,url
"PhD Studentship: Virtual Reality Toolkit for Diabetes. MRC GW4 BioMed DTP PhD studentship 2024/25 Entry, PhD in Clinical and Biomedical Sciences.",University of Exeter,HLS,"From £18,662 annual stipend",Exeter,2023-09-05,2023-11-01,https://www.jobs.ac.uk/job/DCN619/phd-studentship-virtual-reality-toolkit-for-diabetes-mrc-gw4-biomed-dtp-phd-studentship-2024-25-entry-phd-in-clinical-and-biomedical-sciences
PhD Studentship: Autonomous Multi-agent Systems for Constrained Devices in Building Automation Domain,University of Birmingham,School of Computer Science,"£18,622 p.a.",Birmingham,2023-09-05,2023-09-20,https://www.jobs.ac.uk/job/DCN576/phd-studentship-autonomous-multi-agent-systems-for-constrained-devices-in-building-automation-domain
"Full Time PhD Studentship at The School of Physical Sciences, STEM Faculty",The Open University,"School of Physical Sciences, Faculty of Science, Technology, Engineering and Mathematics (STEM)","£18,622 stipend (+ £1,000 research training support grant) per annum",Milton Keynes,2023-09-05,2023-10-02,https://www.jobs.ac.uk/job/DCN565/full-time-phd-studentship-at-the-school-of-physical-sciences-stem-faculty
"PhD Studentship: Using modelling approaches to reduce inequality in physical activity interventions. MRC GW4 BioMed DTP PhD studentship 2024/25 Entry, PhD in Mathematics & Statistics.",University of Exeter,HLS,"From £18,662 annual stipend",Exeter,2023-09-05,2023-11-01,https://www.jobs.ac.uk/job/DCN556/phd-studentship-using-modelling-approaches-to-reduce-inequality-in-physical-activity-interventions-mrc-gw4-biomed-dtp-phd-studentship-2024-25-entry-phd-in-mathematics-and-statistics
"PhD Studentship: Understanding and addressing inequalities in the cancer diagnostic pathway for people with anxiety and/or depression. MRC GW4 BioMed DTP PhD studentship 2024/25 Entry, PhD in Medicine",University of Exeter,HLS,"From £18,662 annual stipend",Exeter,2023-09-05,2023-11-01,https://www.jobs.ac.uk/job/DCN550/phd-studentship-understanding-and-addressing-inequalities-in-the-cancer-diagnostic-pathway-for-people-with-anxiety-and-or-depression-mrc-gw4-biomed-dtp-phd-studentship-2024-25-entry-phd-in-medicine
"PhD Studentship: Integrative analysis of whole genomes and transcriptomes from multiple cell types in rare disease patients. MRC GW4 BioMed DTP PhD studentship 2024/25 Entry, PhD in Clinical & Biomedical Sciences",University of Exeter,HLS,"From £18,662 annual stipend",Exeter,2023-09-05,2023-11-01,https://www.jobs.ac.uk/job/DCN548/phd-studentship-integrative-analysis-of-whole-genomes-and-transcriptomes-from-multiple-cell-types-in-rare-disease-patients-mrc-gw4-biomed-dtp-phd-studentship-2024-25-entry-phd-in-clinical-and-biomedical-sciences
"PhD Studentship: Using molecular and clinical data to predict outcomes to treatments for depression. MRC GW4 BioMed DTP PhD studentship 2024/25 Entry, PhD in Psychology",University of Exeter,HLS,"From £18,662 annual stipend",Exeter,2023-09-05,2023-11-01,https://www.jobs.ac.uk/job/DCN545/phd-studentship-using-molecular-and-clinical-data-to-predict-outcomes-to-treatments-for-depression-mrc-gw4-biomed-dtp-phd-studentship-2024-25-entry-phd-in-psychology
"PhD Studentship: Effect of Alzheimer’s disease risk variants on microglial cell state transitions in response to pathology. MRC GW4 BioMed DTP PhD studentship 2024/25 Entry, PhD in Clinical and Biomedical Sciences",University of Exeter,HLS,"From £18,662 annual stipend",Exeter,2023-09-05,2023-11-01,https://www.jobs.ac.uk/job/DCN543/phd-studentship-effect-of-alzheimers-disease-risk-variants-on-microglial-cell-state-transitions-in-response-to-pathology-mrc-gw4-biomed-dtp-phd-studentship-2024-25-entry-phd-in-clinical-and-biomedical-sciences
"PhD Studentship: Characterising a novel neuroimmune pathway to treat neurodegenerative disease. MRC GW4 BioMed DTP PhD studentship 2024/25 Entry, PhD in Clinical & Biomedical Sciences",University of Exeter,HLS,"From £18,662 annual stipend",Exeter,2023-09-05,2023-11-01,https://www.jobs.ac.uk/job/DCN537/phd-studentship-characterising-a-novel-neuroimmune-pathway-to-treat-neurodegenerative-disease-mrc-gw4-biomed-dtp-phd-studentship-2024-25-entry-phd-in-clinical-and-biomedical-sciences
"PhD Studentship : Can online games be indicators of mental health issues? MRC GW4 BioMed DTP PhD studentship 2024/25 Entry, PhD in Psychology",University of Exeter,HLS,See advert for details,Exeter,2023-09-05,2023-11-01,https://www.jobs.ac.uk/job/DCN506/phd-studentship-can-online-games-be-indicators-of-mental-health-issues-mrc-gw4-biomed-dtp-phd-studentship-2024-25-entry-phd-in-psychology
"PhD Studentship : Can nutritional intervention unlock better outcomes after traumatic brain injuries? Investigating brain blood flow and cellular metabolism regulation by ketones following head impacts. MRC GW4 BioMed DTP PhD studentship 2024/25 Entry, PhD in Clinical and Biomedical Sciences",University of Exeter,HLS,See advert for details,Exeter,2023-09-05,2023-11-01,https://www.jobs.ac.uk/job/DCN484/phd-studentship-can-nutritional-intervention-unlock-better-outcomes-after-traumatic-brain-injuries-investigating-brain-blood-flow-and-cellular-metabolism-regulation-by-ketones-following-head-impacts-mrc-gw4-biomed-dtp-phd-studentship-2024-25-entry-phd-in-clinical-and-biomedical-sciences
PhD Studentship: Machine Learning in Tunnel Boring Excavation,University of Bristol,Civil Engineering / Engineering Mathematics,"From £18,662 annual stipend, subject to eligibility status and confirmation of award",Bristol,2023-09-05,2023-09-30,https://www.jobs.ac.uk/job/DCN454/phd-studentship-machine-learning-in-tunnel-boring-excavation
"Phd Studentship : The bacteriophage revolution: unlocking their potential to expand applicability. MRC GW4 BioMed DTP PhD studentship 2024/25 Entry, PhD in Biosciences",University of Exeter,HLS,See advert for details,Exeter,2023-09-05,2023-11-01,https://www.jobs.ac.uk/job/DCN452/phd-studentship-the-bacteriophage-revolution-unlocking-their-potential-to-expand-applicability-mrc-gw4-biomed-dtp-phd-studentship-2024-25-entry-phd-in-biosciences
"PhD Studentship : Epigenetic signatures in fungal host adaptation. MRC GW4 BioMed DTP PhD studentship 2024/25 Entry, PhD in Biosciences",University of Exeter,HLS,See advert for details,Exeter,2023-09-05,2023-11-01,https://www.jobs.ac.uk/job/DCN440/phd-studentship-epigenetic-signatures-in-fungal-host-adaptation-mrc-gw4-biomed-dtp-phd-studentship-2024-25-entry-phd-in-biosciences
"PhD Studentship: In vivo analysis of stress system dynamics. MRC GW4 BioMed DTP PhD studentship 2024/25 Entry, PhD in department of Clinical and Biomedical Sciences.",University of Exeter,,"From £18,662 annual stipend",Exeter,2023-09-05,2023-11-01,https://www.jobs.ac.uk/job/DCN439/phd-studentship-in-vivo-analysis-of-stress-system-dynamics-mrc-gw4-biomed-dtp-phd-studentship-2024-25-entry-phd-in-department-of-clinical-and-biomedical-sciences
"PhD Studentship : Will climate change worsen the problem of antibiotic resistance? MRC GW4 BioMed DTP PhD studentship 2024/25 Entry, PhD in Biosciences",University of Exeter,HLS,See advert for details,Exeter,2023-09-05,2023-11-01,https://www.jobs.ac.uk/job/DCN430/phd-studentship-will-climate-change-worsen-the-problem-of-antibiotic-resistance-mrc-gw4-biomed-dtp-phd-studentship-2024-25-entry-phd-in-biosciences
PhD Studentship: Computational Mechanics,University of Warwick,,Project only – currently self-funded positiomn,"City of Monash, Coventry, Warwick",2023-09-05,2023-12-04,https://www.jobs.ac.uk/job/DCN428/phd-studentship-computational-mechanics
"PhD Studentship: “You must be on your period”: using smartphones and wearables to study changes in mental wellbeing throughout the menstrual cycle. MRC GW4 BioMed DTP PhD studentship 2024/25 Entry, PhD in Psychology.",University of Exeter,HLS,"From £18,662 annual stipend",Exeter,2023-09-05,2023-11-01,https://www.jobs.ac.uk/job/DCN423/phd-studentship-you-must-be-on-your-period-using-smartphones-and-wearables-to-study-changes-in-mental-wellbeing-throughout-the-menstrual-cycle-mrc-gw4-biomed-dtp-phd-studentship-2024-25-entry-phd-in-psychology
"PhD Studentship: Using multidisciplinary approaches to understand and develop treatments for neurodevelopmental disorders. MRC GW4 BioMed DTP PhD studentship 2024/25 Entry, PhD in Clinical and Biomedical Sciences",University of Exeter,HLS,"From £18,662 annual stipend",Exeter,2023-09-05,2023-11-01,https://www.jobs.ac.uk/job/DCN416/phd-studentship-using-multidisciplinary-approaches-to-understand-and-develop-treatments-for-neurodevelopmental-disorders-mrc-gw4-biomed-dtp-phd-studentship-2024-25-entry-phd-in-clinical-and-biomedical-sciences
"PhD Studentship - Epigenetic profiling in Parkinson’s disease: novel mechanisms and drug targets. MRC GW4 BioMed DTP PhD studentship 2024/25 Entry, PhD in Clinical and Biomedical Sciences",University of Exeter,HLS,18662,Exeter,2023-09-05,2023-11-01,https://www.jobs.ac.uk/job/DCN350/phd-studentship-epigenetic-profiling-in-parkinsons-disease-novel-mechanisms-and-drug-targets-mrc-gw4-biomed-dtp-phd-studentship-2024-25-entry-phd-in-clinical-and-biomedical-sciences
PhD Studentship: Machine Learning and Transformation Optics for Plasmonic Nanoantennas,University of Birmingham,School of Physics and Astronomy,Cover tuition fees and provide a stipend for 4 years,Birmingham,2023-09-04,2023-10-02,https://www.jobs.ac.uk/job/DCM874/phd-studentship-machine-learning-and-transformation-optics-for-plasmonic-nanoantennas
PhD Studentship: Capacity and Energy Efficiency of Topological Metasurface Waveguides,University of Birmingham,School of Physics and Astronomy,Cover tuition fees and provide a stipend for 3 or 4 years.,Birmingham,2023-09-04,2023-10-02,https://www.jobs.ac.uk/job/DCM866/phd-studentship-capacity-and-energy-efficiency-of-topological-metasurface-waveguides
PhD Studentship: Topological Optimisation of 3D Printable THz Waveguides for On-chip Applications,University of Birmingham,School of Physics and Astronomy,Cover tuition fees and provide a stipend for 4 years.,Birmingham,2023-09-04,2023-10-02,https://www.jobs.ac.uk/job/DCM858/phd-studentship-topological-optimisation-of-3d-printable-thz-waveguides-for-on-chip-applications
PhD Studentship: Online Adaptive Optimisation of Thermal Controls for Improving Battery Electric Vehicle Efficiency,Loughborough University,Aeronautical and Automotive Engineering,The studentship is for 3 years and provides a tax-free stipend of £18000 per annum for the duration of the studentship plus tuition fees at the UK rate.,Loughborough,2023-09-04,2023-09-12,https://www.jobs.ac.uk/job/DCM713/phd-studentship-online-adaptive-optimisation-of-thermal-controls-for-improving-battery-electric-vehicle-efficiency
PhD Studentship: Personalising Adjustments to Information Visualisations for Optimal Perception Accounting for Individual Differences Including Ageing,King's College London,Department of Informatics (NMES),Not Specified,London,2023-09-04,2023-10-06,https://www.jobs.ac.uk/job/DCM683/phd-studentship-personalising-adjustments-to-information-visualisations-for-optimal-perception-accounting-for-individual-differences-including-ageing
PhD Studentship in Investigating the role of E3 ubiquitin ligases in glioblastoma,University of Oxford,,Competition Funded Project (Open to Students Worldwide),Oxford,2023-09-04,2023-12-01,https://www.jobs.ac.uk/job/DCK759/phd-studentship-in-investigating-the-role-of-e3-ubiquitin-ligases-in-glioblastoma
PhD Studentship in Mapping the LARP1/1B interactome in cancer,University of Oxford,,Competition Funded Project (Open to Students Worldwide),Oxford,2023-09-04,2023-12-01,https://www.jobs.ac.uk/job/DCK753/phd-studentship-in-mapping-the-larp1-1b-interactome-in-cancer
PhD Studentship in The molecular basis of transcription-coupled DNA repair,University of Oxford,,Competition Funded Project (Open to Students Worldwide),Oxford,2023-09-04,2023-12-01,https://www.jobs.ac.uk/job/DCK737/phd-studentship-in-the-molecular-basis-of-transcription-coupled-dna-repair
PhD Studentship in Understanding the role of innate immunity in treatment-induced normal tissue injury,University of Oxford,,Competition Funded Project (Students Worldwide),Oxford,2023-09-04,2023-12-01,https://www.jobs.ac.uk/job/DCK728/phd-studentship-in-understanding-the-role-of-innate-immunity-in-treatment-induced-normal-tissue-injury
PhD Studentship in MRC iCASE Project Teledyne e2v - Technological advancements in radiotherapy leading to dose delivery via FLASH,University of Oxford,,Competition Funded Project (Open to Students Worldwide),Oxford,2023-09-04,2023-12-01,https://www.jobs.ac.uk/job/DCK717/phd-studentship-in-mrc-icase-project-teledyne-e2v-technological-advancements-in-radiotherapy-leading-to-dose-delivery-via-flash
PhD Studentship in The paradox of AMER1 driver mutations in colorectal cancer,University of Oxford,,Competition funded – the successful applicant will be put forward for funding but will be in competition with other students for a small number of studentships,Oxford,2023-09-04,2023-12-01,https://www.jobs.ac.uk/job/DCK687/phd-studentship-in-the-paradox-of-amer1-driver-mutations-in-colorectal-cancer
PhD Studentship in Interaction between DNA Polymerase theta inhibition and cGAS/STING activation,University of Oxford,,Competition funded – the successful applicant will be put forward for funding but will be in competition with other students for a small number of studentships,Oxford,2023-09-04,2023-12-01,https://www.jobs.ac.uk/job/DCK677/phd-studentship-in-interaction-between-dna-polymerase-theta-inhibition-and-cgas-sting-activation
PhD Studentship in Deciphering key steps in the metastatic process of breast cancer by focusing on the role of MAFF,University of Oxford,,Competition funded – the successful applicant will be put forward for funding but will be in competition with other students for a small number of studentships.,Oxford,2023-09-04,2023-12-01,https://www.jobs.ac.uk/job/DCK671/phd-studentship-in-deciphering-key-steps-in-the-metastatic-process-of-breast-cancer-by-focusing-on-the-role-of-maff
PhD Studentship: Sex Differences in Interoception and Mental Health: an Investigation across the Menstrual Cycle,"Royal Holloway, University of London",Psychology,"£19,668 a tax-free stipend at the UKRI rate (award value, per annum, in 2022-2023) for 3.5 years, covering tuition fees at home student rate",Egham,2023-09-04,2023-10-16,https://www.jobs.ac.uk/job/DCK422/phd-studentship-sex-differences-in-interoception-and-mental-health-an-investigation-across-the-menstrual-cycle
PhD Studentship: “That Food Destresses my Brain”: Does Linking Food Choices to Reductions in Brain Stress Improve Adherence to Dietary Goals?,University of Birmingham,"School of Sport, Exercise and Rehabilitation Sciences","The successful applicant will be supported to apply for the Midlands Graduate School ESRC-DTP programme (3.5 years of funding) in Jan 2024, for a start in September 2024.",Birmingham,2023-09-04,2023-10-16,https://www.jobs.ac.uk/job/DCL419/phd-studentship-that-food-destresses-my-brain-does-linking-food-choices-to-reductions-in-brain-stress-improve-adherence-to-dietary-goals
PhD Studentship: Beam-Steering Programmable Metasurfaces for Microwave Devices,University of Warwick,,"£15,609","Coventry, Warwick",2023-09-01,2023-11-30,https://www.jobs.ac.uk/job/DCL702/phd-studentship-beam-steering-programmable-metasurfaces-for-microwave-devices
PhD Studentship: Developing a Full Life Cycle Impact Framework for The Next Generation of Automotive Vehicles,University of Warwick,,Not Specified,"Coventry, Warwick",2023-09-01,2023-11-30,https://www.jobs.ac.uk/job/DCL693/phd-studentship-developing-a-full-life-cycle-impact-framework-for-the-next-generation-of-automotive-vehicles
PhD Studentship: The Development of a New Multi-modal Capability for Investigating the Performance-controlling Interfaces and Microstructures that Underpin Operation of Battery Materials,University of Warwick,,"£18,622","Coventry, Warwick",2023-09-01,2023-11-30,https://www.jobs.ac.uk/job/DCL677/phd-studentship-the-development-of-a-new-multi-modal-capability-for-investigating-the-performance-controlling-interfaces-and-microstructures-that-underpin-operation-of-battery-materials
PhD Studentship: Topological Methods in Computer Science,University of Birmingham,School of Mathematics,"Funding is available to candidates with a strong background from around the world, although the competition is higher for candidates who are not UK citizens. Self-funded candidates are also welcome to apply.",Birmingham,2023-09-01,2023-11-30,https://www.jobs.ac.uk/job/DCL399/phd-studentship-topological-methods-in-computer-science
PhD Studentship: RF Electronics and Radar Antenna Systems for Automotive Radar and other Related Scenarios,The University of Edinburgh,,Tuition fees and stipend available,Edinburgh,2023-09-01,2023-12-14,https://www.jobs.ac.uk/job/DCK780/phd-studentship-rf-electronics-and-radar-antenna-systems-for-automotive-radar-and-other-related-scenarios
PhD Studentship - SGSAH CDA Project - A Hidden Migration History: South Asian Medical Professionals in Scotland 1872-2022,University of Strathclyde,,Home fees & student stipend at standard SGSAH rates & travel costs,Glasgow,2023-09-01,2023-09-29,https://www.jobs.ac.uk/job/DCK562/phd-studentship-sgsah-cda-project-a-hidden-migration-history-south-asian-medical-professionals-in-scotland-1872-2022
Graduate Teaching Assistant (Hypertension and Resistance Exercise),University of Northampton,,"£30,487 to £37,099 salary per annum pro rata",Northampton,2023-09-01,2023-10-09,https://www.jobs.ac.uk/job/DCJ720/graduate-teaching-assistant-hypertension-and-resistance-exercise
Oxford Brookes Doctoral Studentship in History,Oxford Brookes University,Humanities and Social Sciences,"£18,622",Oxford,2023-09-01,2023-10-02,https://www.jobs.ac.uk/job/DCE701/oxford-brookes-doctoral-studentship-in-history
PhD Studentship in Lipid-Based Conjugate Self-Assembly and Bioactivity - Nanostructured Self-Assembly of Bio-Derived and Bio-Inspired Lipid-Based Amphiphiles,University of Reading,Chemistry/SCFP,Funding covers full UK tuition fees plus UKRI stipend,Reading,2023-08-31,2023-09-30,https://www.jobs.ac.uk/job/DCK726/phd-studentship-in-lipid-based-conjugate-self-assembly-and-bioactivity-nanostructured-self-assembly-of-bio-derived-and-bio-inspired-lipid-based-amphiphiles
PhD Studentship in Biomedical Sciences: A role for novel bile acids to promote better mental health and wellbeing: exploring the gut-brain axis.,University of Reading,School of Biological Sciences,"From £18,622 Funding covers full tuition fees plus UKRI annual stipend",Reading,2023-08-31,2023-09-22,https://www.jobs.ac.uk/job/DCK630/phd-studentship-in-biomedical-sciences-a-role-for-novel-bile-acids-to-promote-better-mental-health-and-wellbeing-exploring-the-gut-brain-axis
"The School of Built Environment, Engineering and Computing: Full-time PhD Research Studentships",Leeds Beckett University,"The School of Built Environment, Engineering and Computing","£18,622 per annum, (2023/24 rate)",Leeds,2023-08-31,2023-09-30,https://www.jobs.ac.uk/job/DCK404/the-school-of-built-environment-engineering-and-computing-full-time-phd-research-studentships
PhD Studentship - 3D Printed Devices for the Capture of Therapeutic Viral Vectors,The University of Edinburgh,,Not Specified,Edinburgh,2023-08-31,2023-09-15,https://www.jobs.ac.uk/job/DCK267/phd-studentship-3d-printed-devices-for-the-capture-of-therapeutic-viral-vectors
PhD Studentship - Nano Scale Metamaterials for Biomedical Engineering Applications,The University of Bolton,School of Engineering,"£18,622",Bolton,2023-08-31,2023-09-21,https://www.jobs.ac.uk/job/DCF814/phd-studentship-nano-scale-metamaterials-for-biomedical-engineering-applications
PhD Studentship,University of Southampton,Southampton Law School,"From £18,622 annual stipend, tuition fees (UK/Overseas) and remuneration for teaching in accordance with the demonstrator rate of the University",Southampton,2023-08-30,2023-09-13,https://www.jobs.ac.uk/job/DCJ829/phd-studentship
PhD Studentship: From recovery to coexistence: future scenarios for British carnivores,University of Exeter,Department of Earth and Environmental Sciences,"From £18,622 per year","Cornwall, Penryn",2023-08-30,2023-09-30,https://www.jobs.ac.uk/job/DCJ675/phd-studentship-from-recovery-to-coexistence-future-scenarios-for-british-carnivores
PhD Studentship: Construction of a prototype ultra-high-vacuum compatible compact X ray monochromator for use in X-ray photoelectron spectroscopy,University of Surrey,Engineering Materials,"From £20,000 annual stipend (tax free) and UK “home” tuition fees for 3.5 years",Guildford,2023-08-30,2023-10-13,https://www.jobs.ac.uk/job/DCJ662/phd-studentship-construction-of-a-prototype-ultra-high-vacuum-compatible-compact-x-ray-monochromator-for-use-in-x-ray-photoelectron-spectroscopy
PhD position with the Resilient Ecosystems and Flourishing Communities,Leiden University,Leiden University College The Hague,"£2,377.36 to £3,037.35 first year, increasing gross per month in the final year",Leiden,2023-08-29,2023-09-26,https://www.jobs.ac.uk/job/DCI971/phd-position-with-the-resilient-ecosystems-and-flourishing-communities
BMA Foundation PhD Studentship: Maternity Care Systems and Childbirth-Related Trauma,"City, University of London",Centre for Maternal and Child Health,"From £20,622 stipend per annum; full tuition-fee waiver for UK students (international applicants must cover the difference between UK and international fees); supported by the British Medical Association Foundation Pushpa Chopra Award",London,2023-08-29,2023-09-17,https://www.jobs.ac.uk/job/DCI886/bma-foundation-phd-studentship-maternity-care-systems-and-childbirth-related-trauma
AZ funded Non-clinical PhD Studentship: (Fixed Term) in a research project Investigate the mechanistic link between chronic kidney disease and cardiac dysfunction,University of Cambridge,,"£21,500 per annum",Cambridge,2023-08-29,2023-10-01,https://www.jobs.ac.uk/job/DCH834/az-funded-non-clinical-phd-studentship-fixed-term-in-a-research-project-investigate-the-mechanistic-link-between-chronic-kidney-disease-and-cardiac-dysfunction
PhD research project ‘Environmental impact of gaming products and services’,University of Surrey,,"From £21,000 UK/home student academic fees, an annual stipend for 3 years, and a research training support grant.",London,2023-08-25,2023-09-30,https://www.jobs.ac.uk/job/DCH958/phd-research-project-environmental-impact-of-gaming-products-and-services
PhD Studentship: Multimodal Large Language Models for Audio-aware Argument Extraction,University of Southampton,Faculty of Physical Sciences and Engineering,"From £18,622 For UK students, Tuition Fees and stipend, per annum, for up to 3.5 years",Southampton,2023-08-25,2023-11-25,https://www.jobs.ac.uk/job/DCH798/phd-studentship-multimodal-large-language-models-for-audio-aware-argument-extraction
PhD Studentship : AstraZeneca funded Non clinical PhD Studentship in DNA damage and androgen pathway inhibition in prostate cancer (Fixed Term),University of Cambridge,Department of Oncology,See advert for details,Cambridge,2023-08-25,2023-10-06,https://www.jobs.ac.uk/job/DCH761/phd-studentship-astrazeneca-funded-non-clinical-phd-studentship-in-dna-damage-and-androgen-pathway-inhibition-in-prostate-cancer-fixed-term
PhD Studentship in the Biosciences Institute: Neural Circuits for Auditory Social Cognition in Nonhuman Primates,Newcastle University,,"£18,622",Newcastle upon Tyne,2023-08-25,2023-11-01,https://www.jobs.ac.uk/job/DCH691/phd-studentship-in-the-biosciences-institute-neural-circuits-for-auditory-social-cognition-in-nonhuman-primates
PhD Studentship: Investigating how to optimise current rehabilitation solutions through qualitative research methods and human design thinking,University of Exeter,,"From £18,622 per year",Exeter,2023-08-25,2023-09-18,https://www.jobs.ac.uk/job/DCH653/phd-studentship-investigating-how-to-optimise-current-rehabilitation-solutions-through-qualitative-research-methods-and-human-design-thinking
PhD Studentship: Facial EMG Analysis to Quantify Facial Mimicry in order to Facilitate Communication,Birmingham City University,,"£18,622 p.a.",Birmingham,2023-08-25,2023-09-30,https://www.jobs.ac.uk/job/DCH084/phd-studentship-facial-emg-analysis-to-quantify-facial-mimicry-in-order-to-facilitate-communication
PhD in Supressing Greenhouse Gases Emissions from Sewage Sludge Treatment - Supporting the Water Industry Meeting Net-Zero,Cranfield University,,"£21,000 (tax-free) plus student fees for four years",Bedford,2023-08-25,2023-09-06,https://www.jobs.ac.uk/job/DCF654/phd-in-supressing-greenhouse-gases-emissions-from-sewage-sludge-treatment-supporting-the-water-industry-meeting-net-zero
PhD Studentship: Identifying Genetic and Molecular Markers of Early-stage Lung Cancer in Vape Users,Birmingham City University,,"£18,622 p.a.",Birmingham,2023-08-24,2023-09-30,https://www.jobs.ac.uk/job/DCH069/phd-studentship-identifying-genetic-and-molecular-markers-of-early-stage-lung-cancer-in-vape-users
PhD Studenthip: The Use and Application of a 3-dimensional Cell Culture Collagen Scaffold System. To Create a Laboratory Chronic Wound Model to be Utilized as a Platform to Study the Effectiveness of an Encapsulated Bacteriophage Delivery System Against Multi-drug Resistant Bacteria Associated with Chronic Wound Infections,Birmingham City University,,"£18,622 p.a.",Birmingham,2023-08-24,2023-09-30,https://www.jobs.ac.uk/job/DCH063/phd-studenthip-the-use-and-application-of-a-3-dimensional-cell-culture-collagen-scaffold-system-to-create-a-laboratory-chronic-wound-model-to-be-utilized-as-a-platform-to-study-the-effectiveness-of-an-encapsulated-bacteriophage-delivery-system-against-multi-drug-resistant-bacteria-associated-with-chronic-wound-infections
PhD Studenthip: A Whole New Type of School - An International Orchestra Establishes a Secondary School in the West Midlands,Birmingham City University,,"£18,622 p.a.",Birmingham,2023-08-24,2023-09-30,https://www.jobs.ac.uk/job/DCH052/phd-studenthip-a-whole-new-type-of-school-an-international-orchestra-establishes-a-secondary-school-in-the-west-midlands
PhD Studentship: Zinc Homeostasis in Bacteria: An Emerging Target for the Treatment of Multidrug Resistant Infections,Birmingham City University,,"£18,622 p.a.",Birmingham,2023-08-24,2023-09-30,https://www.jobs.ac.uk/job/DCH041/phd-studentship-zinc-homeostasis-in-bacteria-an-emerging-target-for-the-treatment-of-multidrug-resistant-infections
3-year PhD studentship: Investigation of localising building leakage pathways using the Pulse technique as a dynamic sound source,University of Nottingham,Engineering,"£18,622 per annum",Nottingham,2023-08-24,2023-09-30,https://www.jobs.ac.uk/job/DCH027/3-year-phd-studentship-investigation-of-localising-building-leakage-pathways-using-the-pulse-technique-as-a-dynamic-sound-source
PhD Studentship: Understanding resilience in garden flora within the context of a changed climate,University of Sheffield,Landscape Architecture,"Home tuition fee (£4,596 in 2022/23) and a stipend at the basic UKRI rate (£18,622 for 2023/24) for 4 years.",Sheffield,2023-08-24,2023-09-22,https://www.jobs.ac.uk/job/DCG966/phd-studentship-understanding-resilience-in-garden-flora-within-the-context-of-a-changed-climate
PhD Scholarship - Developing a National Workforce Registration Scheme for Sport,Edge Hill University,Graduate School,"£18,622 See ""Details of funding section"" for more information",Ormskirk,2023-08-24,2023-09-13,https://www.jobs.ac.uk/job/DCG908/phd-scholarship-developing-a-national-workforce-registration-scheme-for-sport
PhD Studentship - Distributed and Intelligent Sensing for Ocean Research and Sustainable Ocean Enterprise,The University of Edinburgh,,Not Specified,Edinburgh,2023-08-24,2023-10-20,https://www.jobs.ac.uk/job/DCG707/phd-studentship-distributed-and-intelligent-sensing-for-ocean-research-and-sustainable-ocean-enterprise
PhD Studentship: Using Social Media To Develop The Capacity And Diversity of Neighbourhood Watch,"Royal Holloway, University of London",,"From £20,622 Home/UK student fee award and a stipend award, per annum, for 3.5 years full-time. There is an expectation that the three month placement will be conducted within the 3.5 years of funded full-time study.",Egham,2023-08-24,2023-10-05,https://www.jobs.ac.uk/job/DCG657/phd-studentship-using-social-media-to-develop-the-capacity-and-diversity-of-neighbourhood-watch
"SFI-IRC Pathway Programme PhD: Irish Women as Investors in the Financial Sphere, 1700-1900",University College Dublin,UCD School of History,"£16,344.88 - please see advert",Dublin,2023-08-24,2023-09-29,https://www.jobs.ac.uk/job/DCF851/sfi-irc-pathway-programme-phd-irish-women-as-investors-in-the-financial-sphere-1700-1900
"Fully funded PhD positions in Combinatorics, Random Graphs, Logic, Complexity, and Semantics at University of Sheffield",University of Sheffield,Computer Science,Fully funded studentships for three and a half years.,Sheffield,2023-08-23,2023-09-17,https://www.jobs.ac.uk/job/DCG686/fully-funded-phd-positions-in-combinatorics-random-graphs-logic-complexity-and-semantics-at-university-of-sheffield
MPhil/PhD Scholarship : De-colonising Maritime Greenwich: Practising Community-Centred Public History Amidst the Legacies of Empire,University of Greenwich,Faculty of Liberal Arts and Sciences,See advert for details,Greenwich,2023-08-23,2023-10-15,https://www.jobs.ac.uk/job/DCG592/mphil-phd-scholarship-de-colonising-maritime-greenwich-practising-community-centred-public-history-amidst-the-legacies-of-empire
PhD Studentship - Investigating the Effects of a Novel Nutraceutical Supplement on Skeletal Muscle Recovery and Exercise Adaptations,Manchester Metropolitan University,,"£17,668 annual stipend",Manchester,2023-08-23,2023-09-19,https://www.jobs.ac.uk/job/DCG590/phd-studentship-investigating-the-effects-of-a-novel-nutraceutical-supplement-on-skeletal-muscle-recovery-and-exercise-adaptations
PhD Studentship: Improving the Efficiency of Second Generation Thin Film Solar Cells,Loughborough University,"Mechanical, Electrical and Manufacturing Engineering","£18,622 per annum",Loughborough,2023-08-23,2023-09-08,https://www.jobs.ac.uk/job/DCG523/phd-studentship-improving-the-efficiency-of-second-generation-thin-film-solar-cells
PhD - Sharing reproducible analyses in Big Healthcare Data Infrastructures,The University of Manchester,,"£18,622 tax free stipend and tuition fees",Manchester,2023-08-23,2023-11-21,https://www.jobs.ac.uk/job/DCG508/phd-sharing-reproducible-analyses-in-big-healthcare-data-infrastructures
PhD Studentship: Remote Scalable Assessment of Sprint Biomechanics in Relation to Biological Maturity and Predicted Transfer to an American Football Context,Loughborough University,"Sport, Exercise and Health Sciences","£18,622 per annum",Loughborough,2023-08-23,2023-09-30,https://www.jobs.ac.uk/job/DCG507/phd-studentship-remote-scalable-assessment-of-sprint-biomechanics-in-relation-to-biological-maturity-and-predicted-transfer-to-an-american-football-context
NUAcT PhD Studentship: Defining the role of Histone 3 Lysine 4 Methyltransferases in the Cellular Response to Hypoxia,Newcastle University,,"£18,622 100% of tuition fees paid (UK/EU or international) and annual living expenses",Newcastle,2023-08-23,2023-11-01,https://www.jobs.ac.uk/job/DCG436/nuact-phd-studentship-defining-the-role-of-histone-3-lysine-4-methyltransferases-in-the-cellular-response-to-hypoxia
PhD Studentship: Revealing the genomic basis of reproductive mode evolution and speciation in Littorina snails,University of Sussex,Biology,Home (UK) tuition fees and stipend at standard UKRI rates.,"Sussex, Brighton, Falmer",2023-08-23,2023-11-23,https://www.jobs.ac.uk/job/DCG221/phd-studentship-revealing-the-genomic-basis-of-reproductive-mode-evolution-and-speciation-in-littorina-snails
PhD - EPSRC Case Conversion Scholarship,University of Sheffield,Information School,"£18,662 plus an additional £4,000 per annum",Sheffield,2023-08-23,2023-10-01,https://www.jobs.ac.uk/job/DCG462/phd-epsrc-case-conversion-scholarship
PhD Studentship: Large scale robust quantum computation with superconducting qubits,University of Surrey,Physics,"From £18,622 stipend amount, per annum, fees covered, research training support grants £3000. Funding is for 3.5 years",Guildford,2023-08-22,2023-09-25,https://www.jobs.ac.uk/job/DCF893/phd-studentship-large-scale-robust-quantum-computation-with-superconducting-qubits
"PhD Studentship: A novel, antibiotics free and prophylactic topical in-wound applied formulation for combating biofilms and improving orthopaedic surgical wound healing",University of Surrey,"The Schools of Chemistry and Chemical Engineering, Biosciences  and Veterinary Medicine","Student stipend and fees at standard UKRI levels, a £5K per annum Research Training Support Grant (RTSG), and £230 for Conference and Fieldwork. Funding is for 4 years.",Guildford,2023-08-22,2023-09-30,https://www.jobs.ac.uk/job/DCF883/phd-studentship-a-novel-antibiotics-free-and-prophylactic-topical-in-wound-applied-formulation-for-combating-biofilms-and-improving-orthopaedic-surgical-wound-healing
"PhD Studentship: Modelling Sources of Systemic Error in Luminous Trajectory, Dark Flight, and Orbital Calculations for Meteoroids (MADSIM)",The University of Manchester,Department of Materials - Polymers and Composites - Mathematics and Data in Scientific and Industrial Modelling (MADSIM),Not Specified,Manchester,2023-08-22,2023-09-29,https://www.jobs.ac.uk/job/DCF872/phd-studentship-modelling-sources-of-systemic-error-in-luminous-trajectory-dark-flight-and-orbital-calculations-for-meteoroids-madsim
PhD Studentship in Formulation Approaches to Develop Robust Drug Delivery Systems with Cocrystals,Newcastle University,School of Pharmacy,"100% Home (UK) tuition fees and an annual stipend at the UKRI rate (£18,622, 2023/24 rate)",Newcastle upon Tyne,2023-08-22,2023-11-24,https://www.jobs.ac.uk/job/DCF760/phd-studentship-in-formulation-approaches-to-develop-robust-drug-delivery-systems-with-cocrystals
Fully Funded EPSRC and Swansea PhD Scholarship: Collaborative Robotics Technology for Assembly & Disassembly of Fiddly Shaped Objects in Manufacturing Environment (CRTAD-ASOME),Swansea University,Mechanical Engineering,"£18,662",Swansea,2023-08-22,2023-11-15,https://www.jobs.ac.uk/job/DCF756/fully-funded-epsrc-and-swansea-phd-scholarship-collaborative-robotics-technology-for-assembly-and-disassembly-of-fiddly-shaped-objects-in-manufacturing-environment-crtad-asome
PhD Studentship - Human iPSC-derived Sensory Neurons to Interrogate the Molecular Interplay between mTORC1 and Histamine Receptors in the Progression of Neuropathic Pain,Newcastle University,,"£18,622",Newcastle upon Tyne,2023-08-22,2023-09-30,https://www.jobs.ac.uk/job/DCF545/phd-studentship-human-ipsc-derived-sensory-neurons-to-interrogate-the-molecular-interplay-between-mtorc1-and-histamine-receptors-in-the-progression-of-neuropathic-pain
Fully Funded Swansea University PhD: Novel Ultrasound Technology and Community Pathway Interventions to Improve Healthcare Outcomes in Remote and Low Resource Settings,Swansea University,Health Science,"This scholarship covers the full cost of UK tuition fees and an annual stipend of £18,622. Additional research expenses will also be available.",Swansea,2023-08-21,2023-09-06,https://www.jobs.ac.uk/job/DCF016/fully-funded-swansea-university-phd-novel-ultrasound-technology-and-community-pathway-interventions-to-improve-healthcare-outcomes-in-remote-and-low-resource-settings
Fully Funded Swansea University PhD Scholarship: Understanding the Interaction Between Immune Responses and Bacterial Biofilms to Overcome Antibiotic Resistance by Therapeutic Design,Swansea University,Microbiology and Immunology,"£18,622 - This scholarship covers the full cost of UK tuition fees and an annual stipend of £18,622. Additional research expenses will also be available.",Swansea,2023-08-21,2023-09-06,https://www.jobs.ac.uk/job/DCF000/fully-funded-swansea-university-phd-scholarship-understanding-the-interaction-between-immune-responses-and-bacterial-biofilms-to-overcome-antibiotic-resistance-by-therapeutic-design
PhD Scholarship: Integrating Machine Learning and Multiscale Modelling for Simulating Fracture in Materials with Uncertainties,University of Warwick,School of Engineering,"The award will cover the tuition fees at the UK rate £4,712, plus a tax-free stipend of £18,622 per annum for 3.5 years of full-time study.",Coventry,2023-08-21,2023-09-30,https://www.jobs.ac.uk/job/DCE983/phd-scholarship-integrating-machine-learning-and-multiscale-modelling-for-simulating-fracture-in-materials-with-uncertainties
PhD Studentship - Exploring the Safety Risks and Benefits of Virtual Wards,University of Bradford,Faculty of Life Sciences,"£18,622 - please see advert",Bradford,2023-08-21,2023-10-12,https://www.jobs.ac.uk/job/DCE955/phd-studentship-exploring-the-safety-risks-and-benefits-of-virtual-wards
Fully Funded Swansea University and NSSS Joint PhD Scholarship: Understanding Athletes’ Vulnerability to Behaviours That Threaten Integrity of Sport,Swansea University,Sports Ethics and Integrity,"This scholarship covers the full cost of tuition fees and an annual stipend of up to the Sterling equivalent of €55,855 per year. There is also a family and mobility allowance available if required. Additional research expenses will also be available.",Swansea,2023-08-21,2023-09-11,https://www.jobs.ac.uk/job/DCE872/fully-funded-swansea-university-and-nsss-joint-phd-scholarship-understanding-athletes-vulnerability-to-behaviours-that-threaten-integrity-of-sport
PhD Studentship - An Experimental and Computational Study for Predictive Assessment of Material Failure – Characterising the Failure Mechanisms for High Hard Steels (HHS) under Blast Loading (Free Air and Side Blast),Cranfield University,,"£17,668 Stipend per annum","Cranfield, Shrivenham",2023-08-21,2023-09-06,https://www.jobs.ac.uk/job/DCE852/phd-studentship-an-experimental-and-computational-study-for-predictive-assessment-of-material-failure-characterising-the-failure-mechanisms-for-high-hard-steels-hhs-under-blast-loading-free-air-and-side-blast
PhD Studentship: Flexible Framing for Robust and Efficient Steel Construction in Seismic Regions,University of Southampton,Faculty of Physical Sciences and Engineering,"From £18,198 For UK and International students, Tuition Fees and a stipend, tax-free per annum for up to 3.5 years",Southampton,2023-08-21,2023-11-21,https://www.jobs.ac.uk/job/DCE851/phd-studentship-flexible-framing-for-robust-and-efficient-steel-construction-in-seismic-regions
PhD Research Fellowship in Political Science,University of Oslo,Political Science,"£39,301.37 to £42,491.56 per year",Oslo,2023-08-21,2023-09-10,https://www.jobs.ac.uk/job/DCE787/phd-research-fellowship-in-political-science
Fully Funded Swansea University and JGU Mainz Joint PhD Scholarship: Evaluating Global Educational Provision in Anti-Doping,Swansea University,Sports Ethics and Integrity,"This scholarship covers the full cost of tuition fees and an annual stipend of up to the Sterling equivalent of €55,855 per year. There is also a family and mobility allowance available if required. Additional research expenses will also be available.",Swansea,2023-08-21,2023-09-11,https://www.jobs.ac.uk/job/DCE767/fully-funded-swansea-university-and-jgu-mainz-joint-phd-scholarship-evaluating-global-educational-provision-in-anti-doping
Fully Funded Swansea University and JGU Mainz Joint PhD Scholarship: Performance Indicators for the Impact of Prevention of Football Competition Manipulation,Swansea University,Sports Ethics and Integrity,"This scholarship covers the full cost of tuition fees and an annual stipend of up to the Sterling equivalent of €55,855 per year. There is also a family and mobility allowance available if required. Additional research expenses will also be available.",Swansea,2023-08-21,2023-09-11,https://www.jobs.ac.uk/job/DCE752/fully-funded-swansea-university-and-jgu-mainz-joint-phd-scholarship-performance-indicators-for-the-impact-of-prevention-of-football-competition-manipulation
PhD Studentship: Help hearing impaired listeners to understand speech better by audio-visual integration in wearable devices,University of Southampton,Faculty of Physical Sciences and Engineering,"From £18,622 For UK students, Tuition Fees and a stipend, tax-free per annum for up to 3.5 years",Southampton,2023-08-21,2023-11-21,https://www.jobs.ac.uk/job/DCE736/phd-studentship-help-hearing-impaired-listeners-to-understand-speech-better-by-audio-visual-integration-in-wearable-devices
PhD Studentship: Development of a Quantum Microwave Sensor for the Neutrino Mass Measurement (2023),University of Sussex,Sussex Centre for Quantum Technologies,"From £17,668 A tax-free bursary for living costs for three and a half years, annual value from October 22/23; a support grant for three and a half years of £1,250 per year for travel and attending conferences","Sussex, Brighton, Falmer",2023-08-21,2023-10-31,https://www.jobs.ac.uk/job/DCE622/phd-studentship-development-of-a-quantum-microwave-sensor-for-the-neutrino-mass-measurement-2023
PhD Studentship: AI for Algal Monitoring,University of Bristol,,This PhD studentship is fully funded,Bristol,2023-08-21,2023-09-08,https://www.jobs.ac.uk/job/DCE561/phd-studentship-ai-for-algal-monitoring
Fully Funded EPSRC and Swansea City AFC PhD Scholarship: The Application of Advanced Data Analytics to Predict Match Outcome in the EFL Championship,Swansea University,Biomedical Engineering,"£18,622 p.a.",Swansea,2023-08-21,2023-09-06,https://www.jobs.ac.uk/job/DCE544/fully-funded-epsrc-and-swansea-city-afc-phd-scholarship-the-application-of-advanced-data-analytics-to-predict-match-outcome-in-the-efl-championship
PhD Studentship in “Multi-Fidelity Robust Optimisation Including Manufacturability for Robotic Additive Manufacturing”,Imperial College London,Department of Aeronautics,"Tax-free stipend of approximately £19,668 (+ £5000 top-up) per annum",London,2023-08-21,2023-11-21,https://www.jobs.ac.uk/job/DCD478/phd-studentship-in-multi-fidelity-robust-optimisation-including-manufacturability-for-robotic-additive-manufacturing
PhD Studentship: Reinforcement Learning for Manipulating the Electromagnetic Environment in Defence Scenarios,Loughborough University,"Mechanical, Electrical and Manufacturing Engineering","£18,622 per annum",Loughborough,2023-08-21,2023-10-02,https://www.jobs.ac.uk/job/DCC056/phd-studentship-reinforcement-learning-for-manipulating-the-electromagnetic-environment-in-defence-scenarios
"PhD Studentship - Control and Monitoring of Laser DED Technology for Coatings, Repair and Additive Manufacturing (with Brunel and TWI)",Brunel University London,National Structural Integrity Research Centre (NSIRC),"Funding Notes This project is funded by Brunel University, London and TWI. The funding covers the cost of tuition fees and a standard tax-free stipend for three years.",London,2023-08-20,2023-11-20,https://www.jobs.ac.uk/job/DCC806/phd-studentship-control-and-monitoring-of-laser-ded-technology-for-coatings-repair-and-additive-manufacturing-with-brunel-and-twi
PhD Studentship - Recycled Content in Sustainable Automotive Polymers,The University of Manchester,"Department of Materials, Polymers & Composites","£18,622",Manchester,2023-08-18,2023-11-18,https://www.jobs.ac.uk/job/DCD622/phd-studentship-recycled-content-in-sustainable-automotive-polymers
PhD Studentship: Building Strength in the Menopause,Coventry University,Centre for Healthcare Research,Tuition fees and stipend,Coventry,2023-08-18,2023-10-25,https://www.jobs.ac.uk/job/DCD612/phd-studentship-building-strength-in-the-menopause
PhD Studentship: Gender Identity and Klinefelter Syndrome,University of Derby,"College of Health, Psychology and Social Care","£18,622",Derby,2023-08-18,2023-09-15,https://www.jobs.ac.uk/job/DCD565/phd-studentship-gender-identity-and-klinefelter-syndrome
PhD Studentship: Holiday Activities and Food Programme Studentships,University of Northampton,,"£18,622 per annum",Northampton,2023-08-18,2023-09-10,https://www.jobs.ac.uk/job/DCD444/phd-studentship-holiday-activities-and-food-programme-studentships
Fully Funded PhD Positions in Life Sciences,European Molecular Biology Laboratory (EMBL),,Not Specified,"Barcelona, Grenoble, Hamburg, Heidelberg, Hinxton, Rome",2023-08-18,2023-10-09,https://www.jobs.ac.uk/job/DCC855/fully-funded-phd-positions-in-life-sciences
ACU Stipend Scholarship Opportunities - October Round 2023,Australian Catholic University,Deputy Vice-Chancellor (Research and Enterprise),"£15,015.24 per annum (indexed annually)","Brisbane, Canberra, Melbourne, North Sydney, Strathfield",2023-08-18,2023-10-15,https://www.jobs.ac.uk/job/DCB340/acu-stipend-scholarship-opportunities-october-round-2023
PhD Studentship: The Development of a New Multi-modal Capability for Investigating the Performance-controlling Interfaces and Microstructures that Underpin Operation of Battery Materials,University of Warwick,,"£18,622 p.a.",Coventry,2023-08-17,2023-11-17,https://www.jobs.ac.uk/job/DCC738/phd-studentship-the-development-of-a-new-multi-modal-capability-for-investigating-the-performance-controlling-interfaces-and-microstructures-that-underpin-operation-of-battery-materials
PhD Studentship: Institute for Health Research,University of Bedfordshire,Institute for Health Research,"£18,622 per annum",Luton,2023-08-17,2023-11-03,https://www.jobs.ac.uk/job/DBZ445/phd-studentship-institute-for-health-research
PhD Scholarship in Data-Enabled Heating Optimisation in Apartment Buildings - DTU Construct,Technical University of Denmark,,Based on the collective agreement with the Danish Confederation of Professional Associations,Lyngby,2023-08-16,2023-09-08,https://www.jobs.ac.uk/job/DCC212/phd-scholarship-in-data-enabled-heating-optimisation-in-apartment-buildings-dtu-construct
PhD Studentship: January 2024 Project: Investigating the Effects of Secreted Microbial Metabolites Produced Under Acid Conditions on Colorectal Cancer Cell Growth,Coventry University,"Centre for Sport, Exercise and Life Sciences",Fully Funded with stipend,Coventry,2023-08-16,2023-10-25,https://www.jobs.ac.uk/job/DCC184/phd-studentship-january-2024-project-investigating-the-effects-of-secreted-microbial-metabolites-produced-under-acid-conditions-on-colorectal-cancer-cell-growth
PhD Studentship: Understanding and Controlling High Temperature Mechanical Properties of Ceramics to Enable the Ultimate Engine,University of Warwick,,Home rate of fee and UKRI recommended stipend,Coventry,2023-08-16,2023-09-11,https://www.jobs.ac.uk/job/DCC164/phd-studentship-understanding-and-controlling-high-temperature-mechanical-properties-of-ceramics-to-enable-the-ultimate-engine
PhD Studentship: Investigating Reactivity in Micro-crystalline Materials and MOFs Using State-of-the-Art Electron Diffraction Techniques,University of Warwick,Warwick Centre for Doctoral Training in Analytical Science,Home rate of fee and UKRI recommended stipend,Coventry,2023-08-16,2023-09-11,https://www.jobs.ac.uk/job/DCC153/phd-studentship-investigating-reactivity-in-micro-crystalline-materials-and-mofs-using-state-of-the-art-electron-diffraction-techniques
PhD Studentship: Development of Advanced NMR Spectroscopy Methods for Qualitative and Quantitative Determination of Peptide Secondary Structure to Calibrate Solid-state FTIR Models,University of Warwick,,Home rate of fee and UKRI recommended stipend,Coventry,2023-08-16,2023-09-11,https://www.jobs.ac.uk/job/DCC150/phd-studentship-development-of-advanced-nmr-spectroscopy-methods-for-qualitative-and-quantitative-determination-of-peptide-secondary-structure-to-calibrate-solid-state-ftir-models
PhD Studentship: Towards Silicon Photonics Based Gas Sensors,University of Warwick,,Home rate of fee and UKRI recommended stipend,Coventry,2023-08-16,2023-09-11,https://www.jobs.ac.uk/job/DCC149/phd-studentship-towards-silicon-photonics-based-gas-sensors
PhD Studentship: Self-Writing Code for Chemical Dynamics Simulations,University of Warwick,Department of Chemistry,Tuition fees and a maintenance grant at the standard UKRI rate,Coventry,2023-08-16,2023-09-11,https://www.jobs.ac.uk/job/DCC136/phd-studentship-self-writing-code-for-chemical-dynamics-simulations
PhD Studentship in Quantum Computing,The University of Edinburgh,School of Informatics,"Tax free stipend of £18,622 per year",Edinburgh,2023-08-16,2023-01-01,https://www.jobs.ac.uk/job/DCB754/phd-studentship-in-quantum-computing
Funded PhD Studentship: Investigating the Early Development of Attention Deficit Disorder During Infancy and Early Childhood (001PHD2023),University of East London,,Funded,London,2023-08-15,2023-09-14,https://www.jobs.ac.uk/job/DCB543/funded-phd-studentship-investigating-the-early-development-of-attention-deficit-disorder-during-infancy-and-early-childhood-001phd2023
PhD Studentship: Real-World Monitoring of Lower Limb Prosthesis Usage: Enhancing Prescription and Rehabilitation through Embedded Sensor Technology,University of Salford,School of Health and Society,"£18,622 For UK students, Tuition Fees and a stipend, tax-free, per annum, for up to 4 years",Salford,2023-08-15,2023-09-28,https://www.jobs.ac.uk/job/DCB482/phd-studentship-real-world-monitoring-of-lower-limb-prosthesis-usage-enhancing-prescription-and-rehabilitation-through-embedded-sensor-technology
PhD Studentship: Disability Policy on Independent living within Cambodia,University of Salford,School of Health and Society,"£18,622 For UK students, Tuition Fees and a stipend, tax-free, per annum, for up to 4 years",Salford,2023-08-15,2023-09-28,https://www.jobs.ac.uk/job/DCB480/phd-studentship-disability-policy-on-independent-living-within-cambodia
PhD Studentship: Physical activity and tissue capacity in diabetes patients pre and post recovery of ulceration,University of Salford,School of Health and Society,"£18,622 For UK students, Tuition Fees and a stipend, tax-free, per annum, for up to 4 years",Salford,2023-08-15,2023-09-28,https://www.jobs.ac.uk/job/DCB479/phd-studentship-physical-activity-and-tissue-capacity-in-diabetes-patients-pre-and-post-recovery-of-ulceration
PhD Studentship: Developing and Visualising a Retrieval-Augmented Deep Learning Model for Population Health,"City, University of London",Department of Computer Science,"Tuition fees (Home) and an annual tax-free stipend of £21,000/year",London,2023-08-15,2023-10-10,https://www.jobs.ac.uk/job/DCB446/phd-studentship-developing-and-visualising-a-retrieval-augmented-deep-learning-model-for-population-health
PhD Studentship: Using AI to understand the role of the soil microbiome in carbon sequestration,University of Nottingham,Science,See advert for details,Nottingham,2023-08-15,2023-09-10,https://www.jobs.ac.uk/job/DCB383/phd-studentship-using-ai-to-understand-the-role-of-the-soil-microbiome-in-carbon-sequestration
PhD Studentship: Hybrid quantum communication and sensing networks,University of Sussex,Physics and Astronomy,"The studentship covers tuition fees, a tax-free stipend (currently £17,688 p.a.) and an additional financial study package including travel budget, provided by the Research England Development Fund. Only UK Higher Education “Home Fee” status applicants ar","Sussex, Falmer",2023-08-15,2023-10-31,https://www.jobs.ac.uk/job/DCB369/phd-studentship-hybrid-quantum-communication-and-sensing-networks
PhD Studentship: Recycled Content in Sustainable Automotive Polymers,The University of Manchester,,"£18,622",Leeds,2023-08-15,2023-12-15,https://www.jobs.ac.uk/job/DCB235/phd-studentship-recycled-content-in-sustainable-automotive-polymers
PhD Studentship - The Effect of Light Regime on Nitrogen Metabolism and Contaminant Uptake by Plants Grown in Hydroponics,"UWE, Bristol",,"£18,622 - please see advert",Bristol,2023-08-15,2023-09-15,https://www.jobs.ac.uk/job/DCB098/phd-studentship-the-effect-of-light-regime-on-nitrogen-metabolism-and-contaminant-uptake-by-plants-grown-in-hydroponics
PhD Studentship - Understanding the Relationship between Donkey Welfare and Ecosystem Health,"UWE, Bristol",,"£18,622 - please see advert",Bristol,2023-08-15,2023-09-08,https://www.jobs.ac.uk/job/DCB096/phd-studentship-understanding-the-relationship-between-donkey-welfare-and-ecosystem-health
PhD Studentship: The origins of complex CMAS deposits in aircraft engines and their effects on engine degradation,The University of Manchester,"Department of Earth & Environmental Sciences, Earth Science",Not Specified,Manchester,2023-08-14,2023-12-10,https://www.jobs.ac.uk/job/DCA678/phd-studentship-the-origins-of-complex-cmas-deposits-in-aircraft-engines-and-their-effects-on-engine-degradation
"Doctoral Student (F/M/X) in the Third-Party, EU-funded “PARC” Project",Federal Institute for Risk Assessment – BfR (Bundesinstitut für Risikobewertung),Pesticides Safety,13 TVöD,Berlin,2023-08-14,2023-09-06,https://www.jobs.ac.uk/job/DCA561/doctoral-student-f-m-x-in-the-third-party-eu-funded-parc-project
PhD Studentship: SSH Postgraduate Research Project,Aston University,College of Business and Social Sciences,"£18,622 in 2023/4",Birmingham,2023-08-14,2023-09-15,https://www.jobs.ac.uk/job/DCA517/phd-studentship-ssh-postgraduate-research-project
PhD Studentship: Investigating the Interaction of APOE4 with TDP43 Proteinopathy in Driving Neurodegeneration,University of Exeter,Department of Complex Living Systems,"£18,622 per year",Exeter,2023-08-14,2023-09-15,https://www.jobs.ac.uk/job/DCA403/phd-studentship-investigating-the-interaction-of-apoe4-with-tdp43-proteinopathy-in-driving-neurodegeneration
PhD Studentship: Understanding the Sensory Perception of Topically Applied Products,University of Nottingham,Biosciences,"£21,622 - please see advert",Nottingham,2023-08-14,2023-11-11,https://www.jobs.ac.uk/job/DCA331/phd-studentship-understanding-the-sensory-perception-of-topically-applied-products
PhD Studentship: Stability and Transition in Compressible Shear Flows,Coventry University,Centre for Fluid and Complex Systems,Tuition Fees and Stipend,Coventry,2023-08-14,2023-10-25,https://www.jobs.ac.uk/job/DCA320/phd-studentship-stability-and-transition-in-compressible-shear-flows
PhD Studentship: Enhanced AM Processing Using Time Resolved 4D X-ray Computed Tomography,University of Southampton,Faculty of Physical Sciences and Engineering,"£18,622 tax-free per annum for up to 3.5 years.",Southampton,2023-08-14,2023-12-31,https://www.jobs.ac.uk/job/DBZ876/phd-studentship-enhanced-am-processing-using-time-resolved-4d-x-ray-computed-tomography
PhD Studentship: Stochastic Data Driven Modelling for Complex and Large-Scale Dynamical Systems,University of Southampton,,Fully Funded PhD studentship,Southampton,2023-08-13,2023-12-31,https://www.jobs.ac.uk/job/DBZ878/phd-studentship-stochastic-data-driven-modelling-for-complex-and-large-scale-dynamical-systems
Deep Learning on Neurophysiological Signals for Characterising Neurodegenerative Diseases,Coventry University,Centre for Computational Science and Mathematical Modelling,Fees and Stipend,Coventry,2023-08-12,2023-10-25,https://www.jobs.ac.uk/job/DBZ823/deep-learning-on-neurophysiological-signals-for-characterising-neurodegenerative-diseases
PhD Studentship: Novel Solutions in Light Weight High Performance Polymer Gearing for Robotics,Loughborough University,"Mechanical, Electrical and Manufacturing Engineering","£18,622 per annum",Loughborough,2023-08-11,2023-09-06,https://www.jobs.ac.uk/job/DBZ510/phd-studentship-novel-solutions-in-light-weight-high-performance-polymer-gearing-for-robotics
PhD Studentship: Health and Care Research Wales Social Care PhD Studentship Award 2023,Bangor University,School of Medical and Health Sciences,"£17,668",Wrexham,2023-08-11,2023-09-09,https://www.jobs.ac.uk/job/DBZ485/phd-studentship-health-and-care-research-wales-social-care-phd-studentship-award-2023
PhD Studentship: Effective Human-robot Collaboration,Loughborough University,"Mechanical, Electrical and Manufacturing Engineering","£28,658 per annum",Loughborough,2023-08-11,2023-09-18,https://www.jobs.ac.uk/job/DBZ333/phd-studentship-effective-human-robot-collaboration
PhD Studentship: Analysis of Equipment to Protect the Physical Safety of the Female Cricketer,Loughborough University,"Mechanical, Electrical and Manufacturing Engineering","£18,622 per annum",Loughborough,2023-08-11,2023-09-06,https://www.jobs.ac.uk/job/DBZ329/phd-studentship-analysis-of-equipment-to-protect-the-physical-safety-of-the-female-cricketer
PhD Studentship: Reinforcement Learning of Safety Critical Automatic Controllers,Loughborough University,"Mechanical, Electrical and Manufacturing Engineering","£18,622 per annum",Loughborough,2023-08-11,2023-10-02,https://www.jobs.ac.uk/job/DBZ314/phd-studentship-reinforcement-learning-of-safety-critical-automatic-controllers
PhD Studentship: Predictive Chemistry for Novel Drug Formulations: Physical Chemical Properties Beyond Small Molecules,Loughborough University,Chemical Engineering,"£18,622 per annum",Loughborough,2023-08-11,2023-09-15,https://www.jobs.ac.uk/job/DBZ160/phd-studentship-predictive-chemistry-for-novel-drug-formulations-physical-chemical-properties-beyond-small-molecules
PhD Studentship in Assessing the Commercial Feasibility and Efficacy of Autonomous Vehicles in Logistics: A Human Factors Comparative Analysis,Coventry University,,"£18,622 per annum",Coventry,2023-08-11,2023-10-25,https://www.jobs.ac.uk/job/DBY800/phd-studentship-in-assessing-the-commercial-feasibility-and-efficacy-of-autonomous-vehicles-in-logistics-a-human-factors-comparative-analysis
PhD Programme at XJTLU,Xi'an Jiaotong - Liverpool University,,Not Specified,Suzhou,2023-08-11,2023-04-15,https://www.jobs.ac.uk/job/DBW453/phd-programme-at-xjtlu
PhD Studentship: Studying the Mechanical Bioeffects of Low-Intensity Ultrasound and its Therapeutic Application in Ophthalmology,UCL,UCL Institute of Ophthalmology,"From £20,622 Full tuition fees and maintenance stipend (currently award per year)",London,2023-08-10,2023-11-01,https://www.jobs.ac.uk/job/DBY794/phd-studentship-studying-the-mechanical-bioeffects-of-low-intensity-ultrasound-and-its-therapeutic-application-in-ophthalmology
PhD Studentship in Magnetic resonance imaging studies of catalytic monoliths,University of Nottingham,Engineering,"£3,750 per annum for 4 years, with £6000 per annum of funding for research costs and travel.",Nottingham,2023-08-10,2023-09-30,https://www.jobs.ac.uk/job/DBY704/phd-studentship-in-magnetic-resonance-imaging-studies-of-catalytic-monoliths
PhD Studentship: Digital Twins for Automated Structural Health Monitoring and Intelligent Maintenance of Floating and Monopile Offshore Wind Turbines,"City, University of London",Department of Engineering,"From £20,662 Full coverage of tuition fees and an initial annual tax-free stipend",London,2023-08-10,2023-10-31,https://www.jobs.ac.uk/job/DBY477/phd-studentship-digital-twins-for-automated-structural-health-monitoring-and-intelligent-maintenance-of-floating-and-monopile-offshore-wind-turbines
PhD Studentship in Quantum Transport Through Graphene Nanoribbons,University of Warwick,,"£18,622 per annum","Coventry, Warwick",2023-08-10,2023-11-30,https://www.jobs.ac.uk/job/DBY441/phd-studentship-in-quantum-transport-through-graphene-nanoribbons
PhD Studentship in Quantum Engineering of Molecular Materials for Nanoscale Energy Generation,University of Warwick,,"£18,622 per annum","Coventry, Warwick",2023-08-10,2023-11-30,https://www.jobs.ac.uk/job/DBY440/phd-studentship-in-quantum-engineering-of-molecular-materials-for-nanoscale-energy-generation
PhD Studentship in Advanced Rotor-stator Interactions through Bearings,University of Nottingham,Engineering,Not Specified,Nottingham,2023-08-10,2023-09-15,https://www.jobs.ac.uk/job/DBY427/phd-studentship-in-advanced-rotor-stator-interactions-through-bearings
PhD in Advanced Composites,University of Bristol,"Centre for Doctoral Training in Composites Science, Engineering and Manufacturing","From £20,122 Tax-free stipend at the prevailing UKRI rate (£18,622 for 2023/24) plus a £1,500 per annum top-up, resulting in a minimum total stipend of £20,122.",Bristol,2023-08-09,2023-09-15,https://www.jobs.ac.uk/job/DBY128/phd-in-advanced-composites
"PhD Studentship: The Link in Quantum Mechanics between Breakdown and Permittivity (CDT in Metamaterials, PhD in Physics/Engineering)",University of Exeter,Department of Physics and Astronomy,"From £18,622 tuition fees, an annual, tax-free stipend per year for UK students, and £23,000 towards the research project",Exeter,2023-08-09,2023-10-31,https://www.jobs.ac.uk/job/DBX788/phd-studentship-the-link-in-quantum-mechanics-between-breakdown-and-permittivity-cdt-in-metamaterials-phd-in-physics-engineering
PhD Studentship: Real-world evaluation of compensatory movements and prosthesis non-wear in people with upper-limb absence,University of Salford,School of Health and Society,"£18,622 For UK students, Tuition Fees and a stipend, tax-free, per annum, for up to 4 years",Salford,2023-08-08,2023-09-28,https://www.jobs.ac.uk/job/DBX147/phd-studentship-real-world-evaluation-of-compensatory-movements-and-prosthesis-non-wear-in-people-with-upper-limb-absence
PhD Studentship: Non-Oberbeck-Boussinesq Effects in the Ultimate State of Rapidly Rotating Rayleigh-Bénard Convection,Coventry University,Centre for Fluid and Complex Systems,Tuition fees and Stipend,Coventry,2023-08-08,2023-10-25,https://www.jobs.ac.uk/job/DBX103/phd-studentship-non-oberbeck-boussinesq-effects-in-the-ultimate-state-of-rapidly-rotating-rayleigh-bnard-convection
PhD Studentship: Numerical Investigation of Liquid Metal Magneto-Coriolis-Centrifugal Convection,Coventry University,Centre for Fluid and Complex Systems,Tuition Fees and Stipend,Coventry,2023-08-08,2023-10-25,https://www.jobs.ac.uk/job/DBX095/phd-studentship-numerical-investigation-of-liquid-metal-magneto-coriolis-centrifugal-convection
PhD Studentship: Anelastic Coriolis-Centrifugal Convection: A More Realistic Local Model for Planetary Interior Processes,Coventry University,Centre for Fluid and Complex Systems,Tuition Fees and Stipend,Coventry,2023-08-08,2023-10-25,https://www.jobs.ac.uk/job/DBX086/phd-studentship-anelastic-coriolis-centrifugal-convection-a-more-realistic-local-model-for-planetary-interior-processes
PhD Studentship: Numerical Investigation of Liquid Metal Magneto-Coriolis-Centrifugal Convection,Coventry University,Centre for Fluid and Complex Systems,Tuition Fees and Stipend,Coventry,2023-08-08,2023-10-25,https://www.jobs.ac.uk/job/DBX072/phd-studentship-numerical-investigation-of-liquid-metal-magneto-coriolis-centrifugal-convection
PhD Studentship: Correlation Ensembles in Complex Networks,Coventry University,Centre for Fluid and Complex Systems,Fully Funded with stipend,Coventry,2023-08-08,2023-10-25,https://www.jobs.ac.uk/job/DBX065/phd-studentship-correlation-ensembles-in-complex-networks
Law PhD Studentships,"Goldsmiths, University of London",,"From £18,000 a full fee waiver for home fees, an annual tax-free stipend, and a research training and general research allowance",New Cross,2023-08-08,2023-09-08,https://www.jobs.ac.uk/job/DBV485/law-phd-studentships
PhD Studentship in End-of-life Management of Wind-turbine Blade Materials and Structures,Imperial College London,Department of Mechanical Engineering,"£20,622 p.a.",London,2023-08-08,2023-11-02,https://www.jobs.ac.uk/job/DBV197/phd-studentship-in-end-of-life-management-of-wind-turbine-blade-materials-and-structures
PhD Studentship in AI applications in Healthcare: Advancing machine learning to achieve real-world early detection and personalised disease outcome prediction,University of Reading,"Informatics Research Centre, Henley Business School",The studentship includes full tuition fees (UK and international) plus stipend,Reading,2023-08-07,2023-09-10,https://www.jobs.ac.uk/job/DBW593/phd-studentship-in-ai-applications-in-healthcare-advancing-machine-learning-to-achieve-real-world-early-detection-and-personalised-disease-outcome-prediction
PhD Studentship: Visualisation of Digital Twin Data in the Operation and Maintenance of Buildings,Oxford Brookes University,Faculty of Technology Design and Environment - School of the Built Environment,"£18,622",Oxford,2023-08-07,2023-09-27,https://www.jobs.ac.uk/job/DBW298/phd-studentship-visualisation-of-digital-twin-data-in-the-operation-and-maintenance-of-buildings
PhD Studentship: Digital Twins for Improving Indoor Environment and Occupant Wellbeing,Oxford Brookes University,Faculty of Technology Design and Environment - School of Architecture,"£18,622",Oxford,2023-08-07,2023-10-01,https://www.jobs.ac.uk/job/DBW288/phd-studentship-digital-twins-for-improving-indoor-environment-and-occupant-wellbeing
PhD Studentship: Digital Twins: Post-Digital Books & the Library-Lab,Oxford Brookes University,Faculty of Technology Design and Environment - School of Arts,"£18,622",Oxford,2023-08-07,2023-09-29,https://www.jobs.ac.uk/job/DBW278/phd-studentship-digital-twins-post-digital-books-and-the-library-lab
PhD Studentship - Reducing Disease Transmission through Manipulation of Tick-grey Squirrel Interactions,University of Greenwich,Natural Resources Institute,"£18,622 Stipend in line with UKRI rate plus contribution to tuition fees at university’s home rate (3 years)",Greenwich,2023-08-07,2023-09-08,https://www.jobs.ac.uk/job/DBW133/phd-studentship-reducing-disease-transmission-through-manipulation-of-tick-grey-squirrel-interactions
PhD Studentship: Towards Productive Cyber Resilience and Safety Analysis in Model-Based System Engineering,Bournemouth University,Faculty of Science & Technology,"From £17,668 maintenance grant, per annum",Bournemouth,2023-08-04,2023-10-31,https://www.jobs.ac.uk/job/DBV303/phd-studentship-towards-productive-cyber-resilience-and-safety-analysis-in-model-based-system-engineering
PhD Studentship - Musculoskeletal Adaptations to Extreme Biting in Birds,University of Hull,,Not Specified,Kingston upon Hull,2023-08-04,2023-09-22,https://www.jobs.ac.uk/job/DBV152/phd-studentship-musculoskeletal-adaptations-to-extreme-biting-in-birds
PhD Studentship in Psychology,University of Hertfordshire,,"£18,622 p.a.",Hatfield,2023-08-03,2023-09-17,https://www.jobs.ac.uk/job/DBU625/phd-studentship-in-psychology
"PhD Studentship: Mechanochemical Approach for Safe, Environmentally-friendly Degradation of Chemical Warfare Agents (CWAs) and Other Toxic Materials",University of Birmingham,School of Chemistry,Fully-funded PhD position,Birmingham,2023-08-03,2023-09-15,https://www.jobs.ac.uk/job/DBU352/phd-studentship-mechanochemical-approach-for-safe-environmentally-friendly-degradation-of-chemical-warfare-agents-cwas-and-other-toxic-materials
"Multi-material metal 3D Printing for compact, lightweight heat exchangers for high power thermal management (2x Studentships)",University of Nottingham,,"£18,622 per annum (2023/24)",Nottingham,2023-08-03,2023-09-30,https://www.jobs.ac.uk/job/DBT795/multi-material-metal-3d-printing-for-compact-lightweight-heat-exchangers-for-high-power-thermal-management-2x-studentships
PhD Studentship: Biological Coagulant Recovery for Resilient and Sustainable Water and Wastewater Treatment,Cranfield University,,"£21,000 p.a.",Bedford,2023-08-03,2023-09-06,https://www.jobs.ac.uk/job/DBS924/phd-studentship-biological-coagulant-recovery-for-resilient-and-sustainable-water-and-wastewater-treatment
PhD Studentship: Behaviours of Nitrogen in the Future Green Steelmaking Routes,University of Warwick,,"£18,200 per annum",Coventry,2023-08-02,2023-10-31,https://www.jobs.ac.uk/job/DBT880/phd-studentship-behaviours-of-nitrogen-in-the-future-green-steelmaking-routes
PhD in Improved Forensic Analysis by Pure Shift NMR Spectroscopy,The University of Manchester,,"£22,822 per annum",Manchester,2023-08-02,2023-11-30,https://www.jobs.ac.uk/job/DBS241/phd-in-improved-forensic-analysis-by-pure-shift-nmr-spectroscopy
Techne Studentships 2024,"Royal Holloway, University of London",Techne AHRC Doctoral Training Partnership,"Stipend is £18,622 (£20,622 if London weighting applies)","Brighton, London, Surrey",2023-08-02,2023-09-30,https://www.jobs.ac.uk/job/DBQ814/techne-studentships-2024
"PhD Opportunity in Smart Sustainable Batteries for Reliability, Repairability & Recyclability (S2B3R)",University of Nottingham,Engineering,Not Specified,Nottingham,2023-08-01,2023-09-30,https://www.jobs.ac.uk/job/DBS925/phd-opportunity-in-smart-sustainable-batteries-for-reliability-repairability-and-recyclability-s2b3r
PhD Studentship: The Use of Surfactants to Improve Water Use Efficiency and Optimise Crop Yields,Cranfield University,,"£20,000 per annum",Cranfield,2023-07-31,2023-09-08,https://www.jobs.ac.uk/job/DBS206/phd-studentship-the-use-of-surfactants-to-improve-water-use-efficiency-and-optimise-crop-yields
PhD Studentship: High-fidelity CFD and Data-driven Modelling of Aerodynamic Noise Sources,University of Birmingham,School of Metallurgy and Materials,Not Specified,Birmingham,2023-07-31,2023-10-30,https://www.jobs.ac.uk/job/DBR893/phd-studentship-high-fidelity-cfd-and-data-driven-modelling-of-aerodynamic-noise-sources
PhD Studentship: Efficient ‘Whole-life’ anchoring systems for offshore floating renewables,University of Southampton,,"From £18,622 Funding: For UK students, Tuition Fees and a stipend, tax-free, per annum, for up to 3.5 years.",Southampton,2023-07-31,2023-09-30,https://www.jobs.ac.uk/job/DBR839/phd-studentship-efficient-whole-life-anchoring-systems-for-offshore-floating-renewables
"PhD Studentship: Additive and Advanced Manufacturing of High-Performance Electric Engines (Machines, Motors) in collaboration with Jaguar Land Rover",University of Bristol,Electrical and Electronic Engineering,"From £22,800 per annum for 4 years subject to eligibility status and confirmation of award",Bristol,2023-07-31,2023-09-08,https://www.jobs.ac.uk/job/DBP254/phd-studentship-additive-and-advanced-manufacturing-of-high-performance-electric-engines-machines-motors-in-collaboration-with-jaguar-land-rover
PhD Studentship: Developing High Performance Dynamic Elastomer Nanocomposites - Warwick Industrial Fellowship,University of Warwick,Warwick Manufacturing Group,"From £18,781 Stipend at the RCUK rate (current award, per annum) and tuition fees will be paid at the UK rate.","Coventry, Warwick",2023-07-28,2023-10-26,https://www.jobs.ac.uk/job/DBQ498/phd-studentship-developing-high-performance-dynamic-elastomer-nanocomposites-warwick-industrial-fellowship
PhD Towards Better Structural Steels Sections: Optimisation of High Frequency Induction Welded Line Pipe Products,University of Warwick,,"£17,668 stipend plus £3500 industrial top-up for 4 years","Coventry, Warwick",2023-07-28,2023-10-26,https://www.jobs.ac.uk/job/DBQ497/phd-towards-better-structural-steels-sections-optimisation-of-high-frequency-induction-welded-line-pipe-products
PhD in Development of an Advanced Microstructural Model for Strip Steel Phase Transformation Behaviour Using Sensor Signal Feedback,University of Warwick,,"£17,668 funding plus £3500 industrial top-up for 4 years","Coventry, Warwick",2023-07-28,2023-10-02,https://www.jobs.ac.uk/job/DBQ495/phd-in-development-of-an-advanced-microstructural-model-for-strip-steel-phase-transformation-behaviour-using-sensor-signal-feedback
PhD Studentship: Determination of Thermal Ageing Mechanism(s) in LWR Primary Circuit Pressure Boundary Material,University of Bristol,,"Funding: This project is fully funded under the UKRI iCase scheme, with UK fees covered. The student will receive a £18,622 stipend + £1500 top-up. Note that international fees are not covered.",Bristol,2023-07-28,2023-09-25,https://www.jobs.ac.uk/job/DBP861/phd-studentship-determination-of-thermal-ageing-mechanisms-in-lwr-primary-circuit-pressure-boundary-material
PhD Studentship: Advanced Characterisation of Stress Corrosion Cracking in Long-term Aqueous Storage of 20-25Nb AGR Cladding,University of Bristol,,"Funding: This project is fully funded under the UKRI iCase scheme, with UK fees covered. The student will receive a £18,622 stipend + £1500 top-up. Note that international fees are not covered.",Bristol,2023-07-28,2023-09-25,https://www.jobs.ac.uk/job/DBP860/phd-studentship-advanced-characterisation-of-stress-corrosion-cracking-in-long-term-aqueous-storage-of-20-25nb-agr-cladding
PhD Studentship – Quantitative Magnetic Resonance Imaging MRI of the Spine,UCL,,"From £20,000 an annual tax-free stipend (around £20000 p.a.) and tuition fees at the UK rate",London,2023-07-27,2023-09-15,https://www.jobs.ac.uk/job/DBQ042/phd-studentship-quantitative-magnetic-resonance-imaging-mri-of-the-spine
2023 CDT PhD Studentships,The University of Manchester,Centre for Doctoral Training (CDT) in Science and Applications of Graphene and Related Nanomaterials (Graphene NOWNANO),Not Specified,Manchester,2023-07-27,2023-10-27,https://www.jobs.ac.uk/job/DBP673/2023-cdt-phd-studentships
PhD Studentship: Responsible and Trustworthy AI,University of Southampton,Faculty of Physical Sciences and Engineering,"Funding: For UK students, Tuition Fees and a stipend of £18,622 tax-free per annum for up to 3.5 years",Southampton,2023-07-26,2023-09-30,https://www.jobs.ac.uk/job/DBP640/phd-studentship-responsible-and-trustworthy-ai
EPSRC CASE Conversion Studentship with Liebherr Machines Bulle,University of Nottingham,Engineering,"The PhD studentship will cover fees and tax-free standard UKRI stipend of £18,622 p.a. for 4 years.",Nottingham,2023-07-24,2023-09-30,https://www.jobs.ac.uk/job/DBN901/epsrc-case-conversion-studentship-with-liebherr-machines-bulle
PhD Studentship: Alternate Power Converter Topologies for E-Mobility,University of Nottingham,Engineering,Not Specified,Nottingham,2023-07-24,2023-09-15,https://www.jobs.ac.uk/job/DBN893/phd-studentship-alternate-power-converter-topologies-for-e-mobility
Fully Funded Swansea Physics Under-represented Group Doctoral Studentship,Swansea University,Physics,"£18,622 p.a.",Swansea,2023-07-24,2023-09-18,https://www.jobs.ac.uk/job/DBN811/fully-funded-swansea-physics-under-represented-group-doctoral-studentship
PhD Project: Machine-learning-guided Design of Efficient Sustainable Materials for Hydrogenation Photocatalysis,University of Warwick,,A fully funded 4-year PhD project,Coventry,2023-07-24,2023-03-01,https://www.jobs.ac.uk/job/DBN781/phd-project-machine-learning-guided-design-of-efficient-sustainable-materials-for-hydrogenation-photocatalysis
PhD Studentship: Property-driven Generative Machine Learning for Tailored Materials Design,University of Warwick,,A fully funded 4-year PhD project,Coventry,2023-07-24,2023-03-01,https://www.jobs.ac.uk/job/DBN775/phd-studentship-property-driven-generative-machine-learning-for-tailored-materials-design
PhD Project: Computational Design of Topological Defects in Graphene,University of Warwick,,Funded by the Leverhulme Trust,Coventry,2023-07-24,2023-03-01,https://www.jobs.ac.uk/job/DBN768/phd-project-computational-design-of-topological-defects-in-graphene
PhD Studentship in Machine Learning and Molecular Dynamics,Newcastle University,,"£18,622 (UKRI rate for 23/24)",Newcastle upon Tyne,2023-07-21,2023-09-29,https://www.jobs.ac.uk/job/DBM614/phd-studentship-in-machine-learning-and-molecular-dynamics
PhD Studentship: Association of Von Willebrand Factor Genetic Variation and Levels with Cardiovascular Disease Outcomes,University of Hull,Centre for Biomedicine,"£18,622 per annum",Kingston upon Hull,2023-07-19,2023-09-29,https://www.jobs.ac.uk/job/DBL200/phd-studentship-association-of-von-willebrand-factor-genetic-variation-and-levels-with-cardiovascular-disease-outcomes
PhD Studentship - Association of Von Willebrand Factor Genetic Variation and Levels with Cardiovascular Disease Outcomes,University of Hull,,Not Specified,Kingston upon Hull,2023-07-19,2023-09-29,https://www.jobs.ac.uk/job/DBL157/phd-studentship-association-of-von-willebrand-factor-genetic-variation-and-levels-with-cardiovascular-disease-outcomes
PhD Studentship: Inverse Synthetic Aperture Radar Imagery for Space Domain Awareness from Space,University of Birmingham,"Department of Electronic, Electrical and Systems Engineering",ICASE funding by Airbus and EPSRC.,Birmingham,2023-07-19,2023-10-01,https://www.jobs.ac.uk/job/DBK954/phd-studentship-inverse-synthetic-aperture-radar-imagery-for-space-domain-awareness-from-space
PhD Studentship: Engineering Education (Remote Laboratories),The University of Edinburgh,,Tuition fees + stipend are available for Home/EU and international student,Edinburgh,2023-07-19,2023-04-12,https://www.jobs.ac.uk/job/DBK634/phd-studentship-engineering-education-remote-laboratories
PhD Studentship: SRAS++: Using Acoustic Waves to Measure the Single Crystal Elasticity of Aerospace Alloys,University of Nottingham,Engineering,Not Specified,Nottingham,2023-07-18,2023-09-30,https://www.jobs.ac.uk/job/DBK572/phd-studentship-sras-using-acoustic-waves-to-measure-the-single-crystal-elasticity-of-aerospace-alloys
PhD Studentship: in Advanced Study into Microdamage Phenomena in Composite Materials for Hydrogen Economy,University of Warwick,,"£18,622 per annum",Coventry,2023-07-17,2023-10-15,https://www.jobs.ac.uk/job/DBJ619/phd-studentship-in-advanced-study-into-microdamage-phenomena-in-composite-materials-for-hydrogen-economy
PhD Studentship: Advances in HV SiC Power Devices for EV Applications,University of Warwick,School of Engineering,"The award will cover tuition fees at the UK fee level plus a tax-free stipend of £18,622 per annum for 3.5 years of full-time study. International students are welcome to apply but must meet the fee difference themselves.",Coventry,2023-07-17,2023-09-30,https://www.jobs.ac.uk/job/DBJ446/phd-studentship-advances-in-hv-sic-power-devices-for-ev-applications
PhD Studentship: Learning in Multi-Agent Systems,Loughborough University,Computer Science,Not Specified,Loughborough,2023-07-17,2023-09-25,https://www.jobs.ac.uk/job/DBJ432/phd-studentship-learning-in-multi-agent-systems
PhD Studentship: Metallurgy and Materials International Excellence Studentship 23/24 - Theory and Simulation of Materials,University of Birmingham,School of Metallurgy and Materials,"Fully covers both an annual stipend (in line with UKRI guidelines), and the tuition fees",Birmingham,2023-07-14,2023-09-17,https://www.jobs.ac.uk/job/DBI430/phd-studentship-metallurgy-and-materials-international-excellence-studentship-23-24-theory-and-simulation-of-materials
PhD Studentship - Crafting Hybrid Perovskites for Photochemical Supercapacitors,University of Nottingham,Engineering,See advert for details,Nottingham,2023-07-14,2023-10-13,https://www.jobs.ac.uk/job/DBH992/phd-studentship-crafting-hybrid-perovskites-for-photochemical-supercapacitors
PhD Studentship : Taiwan Research Hub,University of Nottingham,Politics and International Relations,"£10,000 per annum for 3 years (full-time)See advert for details",Nottingham,2023-07-12,2023-10-16,https://www.jobs.ac.uk/job/DBG580/phd-studentship-taiwan-research-hub
PhD Studentship: Landing Gear Aerodynamics & Aeroacoustics,University of Southampton,,"£17,668 tax-free per annum",Southampton,2023-07-11,2023-08-31,https://www.jobs.ac.uk/job/DBF400/phd-studentship-landing-gear-aerodynamics-and-aeroacoustics
PhD Studentship - EPSRC Industrial CASE PhD Studentship - Epitaxial Growth and Characterisation of Novel Materials for Long-Wavelength Semiconductor Lasers & Detectors,University of Sheffield,National Epitaxy Facility - Department of Electronic & Electrical Engineering,"£17,668 - please see advert",Sheffield,2023-07-07,2023-10-01,https://www.jobs.ac.uk/job/DBD414/phd-studentship-epsrc-industrial-case-phd-studentship-epitaxial-growth-and-characterisation-of-novel-materials-for-long-wavelength-semiconductor-lasers-and-detectors
PhD Studentship: Ion Irradiation of Advanced Nuclear Fuels,The University of Manchester,,Fully funded,Manchester,2023-07-07,2023-10-01,https://www.jobs.ac.uk/job/DBB608/phd-studentship-ion-irradiation-of-advanced-nuclear-fuels
PhD/EngD Studentship: UK Electricity Market and the Integration of Renewables Project Proposal,University of Strathclyde,,Sponsored by Oceans Wind,Glasgow,2023-07-07,2023-10-07,https://www.jobs.ac.uk/job/DBB572/phd-engd-studentship-uk-electricity-market-and-the-integration-of-renewables-project-proposal
PhD Studentship in Composite Materials in Extreme Environments (AE0035_v2),Imperial College London,Departments of Aeronautics,"£19,668 p.a.",London,2023-07-06,2023-10-04,https://www.jobs.ac.uk/job/DBD236/phd-studentship-in-composite-materials-in-extreme-environments-ae0035_v2
PhD Studentship: Modelling Gas-microdroplet Interaction and Dispersion for Decontamination Applications,The University of Edinburgh,,Tuition fees and stipend,Edinburgh,2023-07-06,2023-09-07,https://www.jobs.ac.uk/job/DBD168/phd-studentship-modelling-gas-microdroplet-interaction-and-dispersion-for-decontamination-applications
Funded PhD Studentship in Semiconductor Epitaxy at the UK National Epitaxy Facility,University of Sheffield,"National Epitaxy Facility, Department of Electronic & Electrical Engineering",Not Specified,Sheffield,2023-07-06,2023-12-31,https://www.jobs.ac.uk/job/DBC571/funded-phd-studentship-in-semiconductor-epitaxy-at-the-uk-national-epitaxy-facility
PhD Studentship - Modelling and Control of Turbulent Flows,University of Sheffield,,"standard home tuition fees and a stipend of £17,668 tax-free per annum for up to 3.5 years - For international students, please contact: m.i.boulis@sheffield.ac.uk for more details about overseas fees.",Sheffield,2023-07-05,2023-10-05,https://www.jobs.ac.uk/job/DBC497/phd-studentship-modelling-and-control-of-turbulent-flows
PhD Studentship: Spontaneous and Forced Capillary Flows on Liquid Surfaces,The University of Edinburgh,,See Funding section below,Edinburgh,2023-07-05,2023-06-27,https://www.jobs.ac.uk/job/DBC424/phd-studentship-spontaneous-and-forced-capillary-flows-on-liquid-surfaces
PhD Studentship: Smart Surfaces for Anti-Scaling,The University of Edinburgh,,See Funding section below,Edinburgh,2023-07-05,2023-06-27,https://www.jobs.ac.uk/job/DBC418/phd-studentship-smart-surfaces-for-anti-scaling
PhD Studentship: Saline Droplet Evaporation for Engineering Applications,The University of Edinburgh,,See Funding section below,Edinburgh,2023-07-05,2023-07-05,https://www.jobs.ac.uk/job/DBC413/phd-studentship-saline-droplet-evaporation-for-engineering-applications
PhD Studentship: Flow Inside Supersaturated Saline Droplets,The University of Edinburgh,,See Funding section below,Edinburgh,2023-07-05,2023-11-18,https://www.jobs.ac.uk/job/DBC397/phd-studentship-flow-inside-supersaturated-saline-droplets
PhD Studentship: Electric Field Control of Liquid Surfaces for Microfluidics,The University of Edinburgh,,See Funding section below,Edinburgh,2023-07-05,2023-06-27,https://www.jobs.ac.uk/job/DBC395/phd-studentship-electric-field-control-of-liquid-surfaces-for-microfluidics
PhD Studentship: MyWorld: Intelligent Underwater Scene Representation,University of Bristol,Electrical and Electronic Engineering,"From £17,668 annual stipend, subject to eligibility status and confirmation of award",Bristol,2023-07-05,2023-09-30,https://www.jobs.ac.uk/job/DBC173/phd-studentship-myworld-intelligent-underwater-scene-representation
3-Year PhD Studentship: 3D Multi-material Inkjet Printing Scale-up for Functional Structures and Electronics,University of Nottingham,Engineering,Competitive Salary,Nottingham,2023-07-04,2023-11-30,https://www.jobs.ac.uk/job/DBB742/3-year-phd-studentship-3d-multi-material-inkjet-printing-scale-up-for-functional-structures-and-electronics
PhD Candidate in History of Islam/Arabic Studies,Leiden University,Institute for Area Studies (LIAS),"£2,184.84 to £2,791.88 gross per month, pay-scale PhD candidates in accordance with the Collective Labour Agreement for Dutch Universities; negotiations for a new CLA are ongoing",Leiden,2023-07-04,2023-09-15,https://www.jobs.ac.uk/job/DBB499/phd-candidate-in-history-of-islam-arabic-studies
PhD Studentship: From Text to Tech: Shaping the Future of Physics-Based Simulations with AI-Driven Generative Models,University of Birmingham,School of Civil Engineering,The funding will cover home/UK studentship tuition fees and UKRI stipends,Birmingham,2023-07-03,2023-09-30,https://www.jobs.ac.uk/job/DAZ222/phd-studentship-from-text-to-tech-shaping-the-future-of-physics-based-simulations-with-ai-driven-generative-models
PhD Scholarship - The Future of Work: Exploring the Influence of Flexible Work Options on Organisational Innovation,University College Cork,,"£15,838.66 - please see advert",Cork,2023-06-30,2023-10-06,https://www.jobs.ac.uk/job/DAX532/phd-scholarship-the-future-of-work-exploring-the-influence-of-flexible-work-options-on-organisational-innovation
A 4-year PhD studentship in Iridium degradation tracking and quantification in Catalyst Coated Membranes for water electrolysis,UCL,UCL Chemistry Department,Studentship only covers home fees,London,2023-06-30,2023-09-30,https://www.jobs.ac.uk/job/DAT015/a-4-year-phd-studentship-in-iridium-degradation-tracking-and-quantification-in-catalyst-coated-membranes-for-water-electrolysis
PhD Studentship - A Study on Pressure Swing Adsorption (PSA) for CO2 Capture,The University of Edinburgh,,Not Specified,Edinburgh,2023-06-27,2023-11-15,https://www.jobs.ac.uk/job/DAW845/phd-studentship-a-study-on-pressure-swing-adsorption-psa-for-co2-capture
PhD Studentship: Development of Agent-Based Modelling for Prospective and Retrospective Assessment of Pandemic Interventions,University of Cambridge,"MRC Biostatistics Unit, University of Cambridge",Not Specified,Cambridge,2023-06-26,2023-09-18,https://www.jobs.ac.uk/job/DAV787/phd-studentship-development-of-agent-based-modelling-for-prospective-and-retrospective-assessment-of-pandemic-interventions
PhD Studentship - The Role of Mito-Nuclear Interactions in Phenotypic Expression of Mitochondrial DNA Mutations,University of Birmingham,School of Biosciences,This studentship covers fees (tuition and stipend) for 3-year home (UK) PhD student. International students are welcome to apply but they may be required to cover the tuition fee differences between the home and international students.,Birmingham,2023-06-22,2023-09-30,https://www.jobs.ac.uk/job/DAT862/phd-studentship-the-role-of-mito-nuclear-interactions-in-phenotypic-expression-of-mitochondrial-dna-mutations
PhD Studentship: Nonlinear System Identification and Deep Learning for Neurodegenerative Disease Detection,Coventry University,Centre for Computational Science and Mathematical Modelling,Fully Funded with stipend,Coventry,2023-06-21,2023-09-15,https://www.jobs.ac.uk/job/DAT103/phd-studentship-nonlinear-system-identification-and-deep-learning-for-neurodegenerative-disease-detection
PhD Studentship: Metallurgy and Materials International Excellence Doctoral Studentship 2023/24,University of Birmingham,School of Metallurgy and Materials,UKRI funded doctoral studentship,Birmingham,2023-06-21,2023-09-17,https://www.jobs.ac.uk/job/DAT013/phd-studentship-metallurgy-and-materials-international-excellence-doctoral-studentship-2023-24
PhD Studentship: Learning to swim with ray-inspired sensing and morphing,University of Southampton,Faculty of Physical Sciences and Engineering,"From £18,622 For UK students, ‘home’ Tuition Fees and a stipend for UK residents and provides an annual stipend, tax-free (with ~2.5% annual increase) for up to 3.5 years",Southampton,2023-06-19,2023-09-16,https://www.jobs.ac.uk/job/DAR362/phd-studentship-learning-to-swim-with-ray-inspired-sensing-and-morphing
PhD Studentship: Novel transceiver design for integrated sensing and communications,University of Southampton,,Not Specified,Southampton,2023-06-19,2023-09-15,https://www.jobs.ac.uk/job/DAR356/phd-studentship-novel-transceiver-design-for-integrated-sensing-and-communications
PhD Studentship: Soft robotic buckling pulse jet propulsion,University of Southampton,Faculty of Physical Sciences and Engineering,"From £18,622 The funding covers ‘home’ tuition fees for UK residents and provides an annual stipend. (with ~2.5% annual increase) in line with UKRI (UK Research and Innovation) student stipends.",Southampton,2023-06-19,2023-09-16,https://www.jobs.ac.uk/job/DAR338/phd-studentship-soft-robotic-buckling-pulse-jet-propulsion
Royal Charter 40th Anniversary Scholarships in Law,University of Buckingham,Law School,Full fees Home students equivalent,Buckingham,2023-06-19,2023-09-30,https://www.jobs.ac.uk/job/DAR295/royal-charter-40th-anniversary-scholarships-in-law
PhD Studentship: Passive propulsion in vortex wakes,University of Southampton,Engineering & Environment,"From £18,622 For UK students, ‘home’ Tuition Fees and a stipend for UK residents and provides a stipend, tax-free, per annum (with ~2.5% annual increase) for up to 3.5 years",Southampton,2023-06-19,2023-09-16,https://www.jobs.ac.uk/job/DAR275/phd-studentship-passive-propulsion-in-vortex-wakes
MTC Sponsored PhD Studentship in Cold Spray as a High Throughput Additive Manufacturing Process ENG1682,University of Nottingham,Engineering,"£27,190 - please see advert",Nottingham,2023-06-16,2023-12-15,https://www.jobs.ac.uk/job/DAP797/mtc-sponsored-phd-studentship-in-cold-spray-as-a-high-throughput-additive-manufacturing-process-eng1682
PhD Studentship: An Exploration of Data-driven Analytics and Digital Twins for Sustainable Manufacturing in Industry 4.0,University of Exeter,The Business School,"From £17,409 per year",Exeter,2023-06-16,2023-09-30,https://www.jobs.ac.uk/job/DAP640/phd-studentship-an-exploration-of-data-driven-analytics-and-digital-twins-for-sustainable-manufacturing-in-industry-40
PhD Studentship - Combination of Sensor Fusion and Machine Learning for Subsea Structure Inspection,University of Strathclyde,,Not Specified,Glasgow,2023-06-15,2023-09-15,https://www.jobs.ac.uk/job/DAO985/phd-studentship-combination-of-sensor-fusion-and-machine-learning-for-subsea-structure-inspection
PhD Studentship - Structural Health Monitoring and Conditioning of Wind Turbines via Sensor Fusion Inspection,University of Strathclyde,,Not Specified,Glasgow,2023-06-15,2023-09-15,https://www.jobs.ac.uk/job/DAO956/phd-studentship-structural-health-monitoring-and-conditioning-of-wind-turbines-via-sensor-fusion-inspection
"PhD Studentship: Joint MTC-UoB PhD Scholarship on High-Speed Laser Micro-Hole Drilling Process for Zero-Emission Transportation, Low-Carbon Energy and Clean Aerospace Applications",University of Birmingham,,"£24,021 per annum (TAX free stipend) and tuition fee for 3.5 years",Birmingham,2023-06-12,2023-09-12,https://www.jobs.ac.uk/job/DAM605/phd-studentship-joint-mtc-uob-phd-scholarship-on-high-speed-laser-micro-hole-drilling-process-for-zero-emission-transportation-low-carbon-energy-and-clean-aerospace-applications
Joint MTC-UoB PhD Scholarship on Laser Enabled Hybrid-Manufacturing Technologies for Surface Functionalisation,University of Birmingham,,"£24,021 per annum (TAX free stipend) and tuition fee for 3.5 years",Birmingham,2023-06-12,2023-09-12,https://www.jobs.ac.uk/job/DAM595/joint-mtc-uob-phd-scholarship-on-laser-enabled-hybrid-manufacturing-technologies-for-surface-functionalisation
PhD Studentship: Sustainable Aviation Fuel Flexible Aircraft Engine Emissions Modelling,University of Birmingham,Department of Mechanical Engineering,See advert,Birmingham,2023-06-12,2023-09-09,https://www.jobs.ac.uk/job/DAM465/phd-studentship-sustainable-aviation-fuel-flexible-aircraft-engine-emissions-modelling
PhD Studentship in Lubrication in an Inert Gas Environment - A New Route to Sustainability,Imperial College London,Department of Mechanical Engineering,an annual tax-free stipend of approximately £20k,London,2023-06-09,2023-09-07,https://www.jobs.ac.uk/job/DAL538/phd-studentship-in-lubrication-in-an-inert-gas-environment-a-new-route-to-sustainability
PhD Opportunity in Critical Metal Recovery from Wastes using Bioleaching and Electrodialysis,University of Nottingham,Engineering,"Full funding for the duration of the PhD program (3 years), including a stipend and tuition fees.",Nottingham,2023-06-08,2023-11-30,https://www.jobs.ac.uk/job/DAK410/phd-opportunity-in-critical-metal-recovery-from-wastes-using-bioleaching-and-electrodialysis
PhD Studentship in The use of High-Fidelity Finite Element Modelling in the Iterative Aerospace Design Process,University of Nottingham,,"£18,000 per annum for four years",Nottingham,2023-06-08,2023-09-07,https://www.jobs.ac.uk/job/DAK387/phd-studentship-in-the-use-of-high-fidelity-finite-element-modelling-in-the-iterative-aerospace-design-process
Isambard Kingdom Brunel Fellows (IKB),Brunel University London,"Brunel Fellowship Academy, London Uxbridge Campus, UK",On-campus accommodation and a per diem allowance,"London, Uxbridge",2023-06-07,2023-09-29,https://www.jobs.ac.uk/job/DAJ551/isambard-kingdom-brunel-fellows-ikb
PhD Studentship: Rolls Royce Sponsored PhD Scholarship - Micromechanics and In-depth Materials Analysis of Advanced Aerospace Materials upon the Manufacturing Process,University of Nottingham,Engineering,"£15,609",Nottingham,2023-06-06,2023-11-11,https://www.jobs.ac.uk/job/DAI751/phd-studentship-rolls-royce-sponsored-phd-scholarship-micromechanics-and-in-depth-materials-analysis-of-advanced-aerospace-materials-upon-the-manufacturing-process
PhD Studentship- Rolls Royce sponsored PhD Scholarship - Machining of New Aerospace Materials,University of Nottingham,Engineering,"£15,000",Nottingham,2023-06-06,2023-11-11,https://www.jobs.ac.uk/job/DAI748/phd-studentship-rolls-royce-sponsored-phd-scholarship-machining-of-new-aerospace-materials
PhD Studentship: Microstructural and Surface Integrity in Machining of Specialist Composite Materials for Next Generation Aero-engine Applications,University of Nottingham,Engineering,"£15,000 - please see advert",Nottingham,2023-06-06,2023-11-11,https://www.jobs.ac.uk/job/DAI746/phd-studentship-microstructural-and-surface-integrity-in-machining-of-specialist-composite-materials-for-next-generation-aero-engine-applications
PhD Studentship: Rolls-Royce sponsored PhD scholarship – Mechatronics system for hybrid manufacturing processing,University of Nottingham,Engineering,"The scholarship on offer comprises a tax-free stipend of over £15,000 a year; tuition fees paid and a generous study package.",Nottingham,2023-06-05,2023-11-11,https://www.jobs.ac.uk/job/DAI356/phd-studentship-rolls-royce-sponsored-phd-scholarship-mechatronics-system-for-hybrid-manufacturing-processing
PhD Studentship: Rolls-Royce sponsored PhD scholarship – Laser Beam Processing of Aerospace Materials,University of Nottingham,Engineering,"The bursary covers the tuition fees and provides a tax-free stipend of over £15,000 per annum for the duration of the project (three years). The position is available immediately.",Nottingham,2023-06-05,2023-11-11,https://www.jobs.ac.uk/job/DAI288/phd-studentship-rolls-royce-sponsored-phd-scholarship-laser-beam-processing-of-aerospace-materials
PhD Studentship: Rolls-Royce sponsored PhD scholarship – Computer vision and robot control for performing on-wing repair of aero-engines,University of Nottingham,Engineering,"The scholarship on offer comprises a tax-free stipend of over £15,000 a year; tuition fees paid and a generous study package.",Nottingham,2023-06-05,2023-11-11,https://www.jobs.ac.uk/job/DAI285/phd-studentship-rolls-royce-sponsored-phd-scholarship-computer-vision-and-robot-control-for-performing-on-wing-repair-of-aero-engines
PhD Studentship: Rolls-Royce sponsored PhD scholarship – Design and simulation of stiffness-adjustable robotic systems for performing on-wing repair of aero-engines,University of Nottingham,Engineering,"The scholarship on offer comprises a tax-free stipend of over £15,000 a year; tuition fees paid and a generous study package.",Nottingham,2023-06-05,2023-11-11,https://www.jobs.ac.uk/job/DAI281/phd-studentship-rolls-royce-sponsored-phd-scholarship-design-and-simulation-of-stiffness-adjustable-robotic-systems-for-performing-on-wing-repair-of-aero-engines
3-year PhD Studentship: 3D Printing of Low Dimensional Materials for Sensing,University of Nottingham,Engineering,Competitive Salary,Nottingham,2023-05-26,2023-11-26,https://www.jobs.ac.uk/job/DAD357/3-year-phd-studentship-3d-printing-of-low-dimensional-materials-for-sensing
PhD Studentship: VR for educators improving health literacy in young people,University of Southampton,,"For UK students, Tuition Fees and a stipend of £17,668 p.a. for 4 years.",Southampton,2023-03-02,2023-09-15,https://www.jobs.ac.uk/job/CXX074/phd-studentship-vr-for-educators-improving-health-literacy-in-young-people
Millimetre Wave Vehicular Communications,University of Bristol,Electrical and Electronic Engineering,"From £17,668 tax-free stipend, will also cover tuition fees.",Bristol,2023-10-24,2023-11-30,https://www.jobs.ac.uk/job/CUK402/millimetre-wave-vehicular-communications
PhD Studentship: MyWorld/BBC iCASE: Low Light Fusion and Autofocus for Advanced Wildlife Coverage,University of Bristol,Location	Electrical and Electronic Engineering,"From £17,668 per annum in 2022/23 rising to £18,662 in 2023/24",Bristol,2023-03-24,2023-09-30,https://www.jobs.ac.uk/job/COB507/phd-studentship-myworld-bbc-icase-low-light-fusion-and-autofocus-for-advanced-wildlife-coverage
PhD Studentship: MyWorld/BT iCASE: Volumetric Video Compression,University of Bristol,Electrical and Electronic Engineering,"From £17,668 per annum in 2022/23 rising to £18,662 pa in 2023/24",Bristol,2023-03-07,2023-09-30,https://www.jobs.ac.uk/job/CNV017/phd-studentship-myworld-bt-icase-volumetric-video-compression
PhD Studentship: MyWorld - Peripheral Vision and Coding,University of Bristol,Electrical and Electronic Engineering,"From £17,668 per annum in 2022/23 rising to £18,662 pa in 2023/24",Bristol,2023-03-07,2023-09-30,https://www.jobs.ac.uk/job/CNU895/phd-studentship-myworld-peripheral-vision-and-coding
"PhD Studentship: MyWorld - Intelligent Low Light Denoising, Colorisation Enhancement",University of Bristol,Electrical and Electronic Engineering,"From £17,668 per annum in 2022/23 rising to £18,662 in 2023/24",Bristol,2023-03-07,2023-09-30,https://www.jobs.ac.uk/job/CNU886/phd-studentship-myworld-intelligent-low-light-denoising-colorisation-enhancement
PhD Studentship: MyWorld - Intelligent Cinematography,University of Bristol,Electrical and Electronic Engineering,"From £17,668 per annum in 2022/23 rising to £18,662 in 2023/24",Bristol,2023-03-07,2023-09-30,https://www.jobs.ac.uk/job/CNU878/phd-studentship-myworld-intelligent-cinematography
MyWorld PhD Studentship: End to End Learned Video Compression,University of Bristol,Electrical and Electronic Engineering,"From £17,668 per annum in 2022/23 rising to £18,662 pa in 2023/24",Bristol,2023-03-03,2023-09-30,https://www.jobs.ac.uk/job/CNS278/myworld-phd-studentship-end-to-end-learned-video-compression
PhD Studentship: My World/Netflix: Deep Video Coding for AOM/AV2,University of Bristol,Electrical and Electronic Engineering,"From £17,668 per annum in 2022/23 rising to £18,662 in 2023/24",Bristol,2023-03-03,2023-09-30,https://www.jobs.ac.uk/job/CNS273/phd-studentship-my-world-netflix-deep-video-coding-for-aom-av2
